State,County,CS,MaxAQI,x90thPercentileAQI,MedianAQI,AQI_Class_KM,AQI_Class_SC
Alabama,Baldwin,BaldwinAlabama,129,52.6666666666667,36.8333333333333,1,1
Alabama,Colbert,ColbertAlabama,115,49.6666666666667,36.6666666666667,1,1
Alabama,DeKalb,DeKalbAlabama,119,51.8333333333333,38,1,1
Alabama,Etowah,EtowahAlabama,179,61,44.1666666666667,3,3
Alabama,Houston,HoustonAlabama,131,49.6666666666667,35.1666666666667,1,1
Alabama,Jefferson,JeffersonAlabama,156,75,51.5,2,2
Alabama,Madison,MadisonAlabama,122,55.6666666666667,40.1666666666667,1,2
Alabama,Mobile,MobileAlabama,139,59.1666666666667,39.8333333333333,2,2
Alabama,Montgomery,MontgomeryAlabama,221,61.8333333333333,46,1,2
Alabama,Morgan,MorganAlabama,107,54.1666666666667,39,1,1
Alabama,Russell,RussellAlabama,141,61,42.1666666666667,1,2
Alabama,Shelby,ShelbyAlabama,133,54.6666666666667,36,2,2
Alabama,Sumter,SumterAlabama,107,49,33.8333333333333,1,1
Alabama,Tuscaloosa,TuscaloosaAlabama,123,57.8333333333333,42.6666666666667,1,2
Arizona,Apache,ApacheArizona,67,23.8333333333333,12.3333333333333,1,1
Arizona,Cochise,CochiseArizona,141,65,44.6666666666667,1,2
Arizona,Coconino,CoconinoArizona,126,67,44.5,2,2
Arizona,Gila,GilaArizona,200,127.5,77.1666666666667,3,3
Arizona,La Paz,La PazArizona,136,65.5,43,2,2
Arizona,Maricopa,MaricopaArizona,249,105.5,67,3,3
Arizona,Mohave,MohaveArizona,105,32.1666666666667,16.8333333333333,1,1
Arizona,Navajo,NavajoArizona,115,61.3333333333333,43,1,2
Arizona,Pima,PimaArizona,129,75.6666666666667,48.5,2,2
Arizona,Pinal,PinalArizona,1263,113.5,68,3,3
Arizona,Santa Cruz,Santa CruzArizona,199,62.3333333333333,32.8333333333333,3,3
Arizona,Yavapai,YavapaiArizona,140,64,42.8333333333333,2,2
Arizona,Yuma,YumaArizona,419,76.1666666666667,45.1666666666667,3,3
Arkansas,Clark,ClarkArkansas,90,45.3333333333333,32.8333333333333,1,1
Arkansas,Crittenden,CrittendenArkansas,159,56.8333333333333,39,1,2
Arkansas,Newton,NewtonArkansas,90,47.5,36.1666666666667,1,1
Arkansas,Polk,PolkArkansas,119,53.5,38.8333333333333,1,1
Arkansas,Pulaski,PulaskiArkansas,122,63,44,1,2
Arkansas,Union,UnionArkansas,158,51.1666666666667,20.5,1,1
Arkansas,Washington,WashingtonArkansas,96,55.8333333333333,40.5,1,2
California,Alameda,AlamedaCalifornia,223,72.3333333333333,45.6666666666667,3,3
California,Amador,AmadorCalifornia,140,66.1666666666667,39.5,2,2
California,Butte,ButteCalifornia,445,86.5,52.1666666666667,3,3
California,Calaveras,CalaverasCalifornia,320,80,46.5,3,3
California,Colusa,ColusaCalifornia,274,67,42.3333333333333,3,3
California,Contra Costa,Contra CostaCalifornia,245,66.3333333333333,43.8333333333333,3,3
California,El Dorado,El DoradoCalifornia,203,96.3333333333333,44.5,3,3
California,Fresno,FresnoCalifornia,207,135.333333333333,73.8333333333333,3,3
California,Glenn,GlennCalifornia,230,61.6666666666667,41.1666666666667,3,3
California,Humboldt,HumboldtCalifornia,173,53.5,35,3,3
California,Imperial,ImperialCalifornia,541,104.5,61.8333333333333,3,3
California,Inyo,InyoCalifornia,2060,88.6666666666667,47,3,3
California,Kern,KernCalifornia,548,140,82.6666666666667,3,3
California,Kings,KingsCalifornia,507,117.333333333333,67.8333333333333,3,3
California,Lake,LakeCalifornia,208,44.5,34.1666666666667,1,1
California,Los Angeles,Los AngelesCalifornia,224,141.666666666667,76.3333333333333,3,3
California,Madera,MaderaCalifornia,179,104.166666666667,58.8333333333333,3,3
California,Marin,MarinCalifornia,218,55.5,36.3333333333333,3,3
California,Mariposa,MariposaCalifornia,301,93.8333333333333,47.8333333333333,3,3
California,Mendocino,MendocinoCalifornia,314,55.8333333333333,36.3333333333333,3,3
California,Merced,MercedCalifornia,171,99.6666666666667,54,3,3
California,Mono,MonoCalifornia,6403,64.8333333333333,19.1666666666667,3,3
California,Monterey,MontereyCalifornia,176,51,37.3333333333333,3,3
California,Napa,NapaCalifornia,249,61.1666666666667,40.8333333333333,3,3
California,Nevada,NevadaCalifornia,196,97.5,45.6666666666667,3,3
California,Orange,OrangeCalifornia,172,88.3333333333333,53.5,3,3
California,Placer,PlacerCalifornia,240,97.1666666666667,49.8333333333333,3,3
California,Riverside,RiversideCalifornia,537,152,85.5,3,3
California,Sacramento,SacramentoCalifornia,314,97.1666666666667,51.6666666666667,3,3
California,San Benito,San BenitoCalifornia,143,59.3333333333333,39.8333333333333,2,2
California,San Bernardino,San BernardinoCalifornia,233,167.166666666667,83,3,3
California,San Diego,San DiegoCalifornia,174,102.166666666667,63.5,3,3
California,San Francisco,San FranciscoCalifornia,228,56.5,36,3,3
California,San Joaquin,San JoaquinCalifornia,308,95.3333333333333,52.3333333333333,3,3
California,San Luis Obispo,San Luis ObispoCalifornia,156,79.8333333333333,51.3333333333333,2,2
California,San Mateo,San MateoCalifornia,185,53.8333333333333,35.1666666666667,3,3
California,Santa Barbara,Santa BarbaraCalifornia,315,65.8333333333333,45,3,3
California,Santa Clara,Santa ClaraCalifornia,194,68.1666666666667,42.1666666666667,3,3
California,Santa Cruz,Santa CruzCalifornia,170,52.8333333333333,34.6666666666667,3,3
California,Shasta,ShastaCalifornia,190,74.8333333333333,42.8333333333333,3,3
California,Siskiyou,SiskiyouCalifornia,196,60,33.8333333333333,3,3
California,Solano,SolanoCalifornia,247,66.1666666666667,42.1666666666667,3,3
California,Sonoma,SonomaCalifornia,226,50.5,35.3333333333333,3,3
California,Stanislaus,StanislausCalifornia,240,106.666666666667,55.5,3,3
California,Sutter,SutterCalifornia,335,86,50.3333333333333,3,3
California,Tehama,TehamaCalifornia,190,85.1666666666667,43.1666666666667,3,3
California,Tulare,TulareCalifornia,280,140.333333333333,77,3,3
California,Tuolumne,TuolumneCalifornia,164,85.3333333333333,43.8333333333333,3,3
California,Ventura,VenturaCalifornia,537,86.5,50.8333333333333,3,3
California,Yolo,YoloCalifornia,235,65.8333333333333,42,3,3
Colorado,Adams,AdamsColorado,132,68,46.6666666666667,2,2
Colorado,Arapahoe,ArapahoeColorado,156,75,45,2,2
Colorado,Archuleta,ArchuletaColorado,124,40.6666666666667,26,1,1
Colorado,Boulder,BoulderColorado,159,73,43.5,2,2
Colorado,Clear Creek,Clear CreekColorado,164,80.3333333333333,48.1666666666667,3,3
Colorado,Denver,DenverColorado,153,75.1666666666667,51,2,2
Colorado,Douglas,DouglasColorado,169,82.5,45.1666666666667,3,3
Colorado,El Paso,El PasoColorado,126,70.6666666666667,45.3333333333333,2,2
Colorado,Garfield,GarfieldColorado,151,67.3333333333333,45.8333333333333,2,2
Colorado,Gunnison,GunnisonColorado,156,62.5,44.8333333333333,1,2
Colorado,Jefferson,JeffersonColorado,164,89.3333333333333,46,3,3
Colorado,La Plata,La PlataColorado,218,70,44.5,3,3
Colorado,Larimer,LarimerColorado,169,84.6666666666667,49.1666666666667,3,3
Colorado,Mesa,MesaColorado,150,66.6666666666667,45.6666666666667,2,2
Colorado,Montezuma,MontezumaColorado,115,63.6666666666667,44.3333333333333,1,2
Colorado,Prowers,ProwersColorado,299,34.5,16.1666666666667,1,3
Colorado,Rio Blanco,Rio BlancoColorado,108,57.6666666666667,43.8333333333333,1,2
Colorado,Routt,RouttColorado,137,30.1666666666667,14.3333333333333,1,1
Colorado,Weld,WeldColorado,154,76.3333333333333,46.5,2,2
Connecticut,Fairfield,FairfieldConnecticut,185,82.5,44.1666666666667,3,3
Connecticut,Hartford,HartfordConnecticut,169,63.3333333333333,41.1666666666667,2,2
Connecticut,Litchfield,LitchfieldConnecticut,164,55,38,2,2
Connecticut,New Haven,New HavenConnecticut,179,69.5,42.3333333333333,3,3
Connecticut,New London,New LondonConnecticut,161,55.3333333333333,36,2,2
Connecticut,Windham,WindhamConnecticut,154,47.1666666666667,34.6666666666667,2,2
Delaware,Kent,KentDelaware,136,58.3333333333333,40.1666666666667,1,2
Delaware,New Castle,New CastleDelaware,172,73.6666666666667,45,2,2
Delaware,Sussex,SussexDelaware,140,60.3333333333333,41.5,2,2
Florida,Alachua,AlachuaFlorida,101,50.1666666666667,35.1666666666667,1,1
Florida,Baker,BakerFlorida,90,46.1666666666667,32.6666666666667,1,1
Florida,Bay,BayFlorida,126,54.5,38.3333333333333,1,1
Florida,Brevard,BrevardFlorida,129,50,37.8333333333333,1,1
Florida,Broward,BrowardFlorida,143,55.1666666666667,39.3333333333333,1,1
Florida,Citrus,CitrusFlorida,141,53.8333333333333,27.1666666666667,2,2
Florida,Collier,CollierFlorida,93,51.5,35.3333333333333,1,1
Florida,Columbia,ColumbiaFlorida,111,54.6666666666667,36.1666666666667,1,1
Florida,Duval,DuvalFlorida,155,60.8333333333333,41.1666666666667,2,2
Florida,Escambia,EscambiaFlorida,126,56.8333333333333,39.8333333333333,1,1
Florida,Flagler,FlaglerFlorida,93,45.6666666666667,33.6666666666667,1,1
Florida,Hamilton,HamiltonFlorida,82,52.5,33,1,1
Florida,Highlands,HighlandsFlorida,108,46,32.5,1,1
Florida,Hillsborough,HillsboroughFlorida,154,67,43.5,2,2
Florida,Holmes,HolmesFlorida,100,53.6666666666667,38.3333333333333,1,1
Florida,Indian River,Indian RiverFlorida,105,48.1666666666667,36.6666666666667,1,1
Florida,Lake,LakeFlorida,122,48.8333333333333,34.5,1,1
Florida,Lee,LeeFlorida,108,51.6666666666667,36.6666666666667,1,1
Florida,Leon,LeonFlorida,157,57.8333333333333,39.5,1,2
Florida,Liberty,LibertyFlorida,74,44.3333333333333,31.8333333333333,1,1
Florida,Manatee,ManateeFlorida,133,49.3333333333333,35.1666666666667,1,1
Florida,Marion,MarionFlorida,105,52.5,37.1666666666667,1,1
Florida,Martin,MartinFlorida,115,50.1666666666667,36.5,1,1
Florida,Miami-Dade,Miami-DadeFlorida,146,58.5,41.1666666666667,2,2
Florida,Nassau,NassauFlorida,106,51.1666666666667,31,1,1
Florida,Okaloosa,OkaloosaFlorida,115,47.1666666666667,34.6666666666667,1,1
Florida,Orange,OrangeFlorida,151,55.5,38.5,1,1
Florida,Osceola,OsceolaFlorida,133,48,33.5,1,1
Florida,Palm Beach,Palm BeachFlorida,164,55.8333333333333,38.5,1,2
Florida,Pasco,PascoFlorida,129,50.3333333333333,36.1666666666667,1,1
Florida,Pinellas,PinellasFlorida,140,56.1666666666667,39.5,1,1
Florida,Polk,PolkFlorida,143,54.6666666666667,38,1,1
Florida,Putnam,PutnamFlorida,54,24.6666666666667,14.3333333333333,1,1
Florida,Santa Rosa,Santa RosaFlorida,136,54.6666666666667,39,1,1
Florida,Sarasota,SarasotaFlorida,115,56.1666666666667,39,1,1
Florida,Seminole,SeminoleFlorida,150,50.1666666666667,36.1666666666667,1,1
Florida,St. Lucie,St. LucieFlorida,122,46.8333333333333,34.1666666666667,1,1
Florida,Volusia,VolusiaFlorida,108,51.1666666666667,37.3333333333333,1,1
Florida,Wakulla,WakullaFlorida,175,53.5,35.5,1,1
Georgia,Bibb,BibbGeorgia,147,60.3333333333333,40.5,2,2
Georgia,Chatham,ChathamGeorgia,180,56.5,39,1,2
Georgia,Chattooga,ChattoogaGeorgia,97,48.6666666666667,37.5,1,1
Georgia,Clarke,ClarkeGeorgia,162,58,40.1666666666667,1,2
Georgia,Cobb,CobbGeorgia,200,59.6666666666667,41.3333333333333,1,2
Georgia,Columbia,ColumbiaGeorgia,105,49.5,38.1666666666667,1,1
Georgia,Dawson,DawsonGeorgia,126,49.3333333333333,37.5,2,2
Georgia,DeKalb,DeKalbGeorgia,159,65.8333333333333,46.6666666666667,2,2
Georgia,Dougherty,DoughertyGeorgia,151,61.3333333333333,38.5,1,2
Georgia,Douglas,DouglasGeorgia,151,57.5,39.5,2,2
Georgia,Floyd,FloydGeorgia,109,61.3333333333333,42,1,2
Georgia,Fulton,FultonGeorgia,172,69.3333333333333,46.8333333333333,2,2
Georgia,Glynn,GlynnGeorgia,129,48.8333333333333,35.1666666666667,1,1
Georgia,Gwinnett,GwinnettGeorgia,154,62.6666666666667,42.1666666666667,2,2
Georgia,Henry,HenryGeorgia,159,59.5,37.6666666666667,2,2
Georgia,Houston,HoustonGeorgia,152,57.8333333333333,36.8333333333333,1,2
Georgia,Lowndes,LowndesGeorgia,151,56.6666666666667,36.5,1,2
Georgia,Murray,MurrayGeorgia,233,53.5,39.8333333333333,1,1
Georgia,Muscogee,MuscogeeGeorgia,148,58,38.8333333333333,1,2
Georgia,Pike,PikeGeorgia,161,52.6666666666667,36.8333333333333,2,2
Georgia,Richmond,RichmondGeorgia,364,61.8333333333333,42,2,2
Georgia,Rockdale,RockdaleGeorgia,150,61.8333333333333,37.8333333333333,2,2
Georgia,Sumter,SumterGeorgia,129,50.3333333333333,36.5,1,1
Georgia,Walker,WalkerGeorgia,174,57.6666666666667,38,1,2
Hawaii,Hawaii,HawaiiHawaii,337,171.5,110.333333333333,3,3
Hawaii,Honolulu,HonoluluHawaii,195,44.3333333333333,30.6666666666667,1,1
Hawaii,Kauai,KauaiHawaii,71,29.3333333333333,14.3333333333333,1,1
Hawaii,Maui,MauiHawaii,166,35.8333333333333,20.5,1,1
Idaho,Ada,AdaIdaho,184,66.8333333333333,39.8333333333333,3,3
Idaho,Bannock,BannockIdaho,200,54.3333333333333,30.3333333333333,3,3
Idaho,Benewah,BenewahIdaho,307,77.8333333333333,39.3333333333333,3,3
Idaho,Bonner,BonnerIdaho,252,50.8333333333333,21.5,3,3
Idaho,Canyon,CanyonIdaho,164,57.8333333333333,27.3333333333333,3,3
Idaho,Caribou,CaribouIdaho,108,18.6666666666667,3.5,1,1
Idaho,Franklin,FranklinIdaho,166,52.8333333333333,21.6666666666667,3,3
Idaho,Lemhi,LemhiIdaho,243,84,32.6666666666667,3,3
Illinois,Adams,AdamsIllinois,115,51,38.3333333333333,1,1
Illinois,Champaign,ChampaignIllinois,112,59.6666666666667,40.6666666666667,1,2
Illinois,Clark,ClarkIllinois,101,52,36.8333333333333,1,1
Illinois,Cook,CookIllinois,183,80.6666666666667,52.6666666666667,3,3
Illinois,DuPage,DuPageIllinois,174,63.8333333333333,40.8333333333333,2,2
Illinois,Effingham,EffinghamIllinois,112,52.8333333333333,39.8333333333333,1,1
Illinois,Hamilton,HamiltonIllinois,105,58.6666666666667,40.3333333333333,1,2
Illinois,Jersey,JerseyIllinois,150,60.8333333333333,41,2,2
Illinois,Jo Daviess,Jo DaviessIllinois,119,47,33.8333333333333,1,1
Illinois,Kane,KaneIllinois,143,57.6666666666667,36.5,2,2
Illinois,Lake,LakeIllinois,164,54,35.6666666666667,2,2
Illinois,Macon,MaconIllinois,126,67.5,44.5,2,2
Illinois,Macoupin,MacoupinIllinois,115,47.6666666666667,31,1,1
Illinois,Madison,MadisonIllinois,156,72.5,46,2,2
Illinois,McHenry,McHenryIllinois,136,61,40.5,2,2
Illinois,McLean,McLeanIllinois,108,57.5,40,1,2
Illinois,Peoria,PeoriaIllinois,115,61.5,42,2,2
Illinois,Randolph,RandolphIllinois,129,57.5,38.8333333333333,1,2
Illinois,Rock Island,Rock IslandIllinois,115,54.6666666666667,37.5,1,1
Illinois,Sangamon,SangamonIllinois,122,55.5,37.5,1,1
Illinois,Wabash,WabashIllinois,116,18.3333333333333,2.66666666666667,1,1
Illinois,Will,WillIllinois,126,61.6666666666667,42.1666666666667,1,2
Illinois,Winnebago,WinnebagoIllinois,151,53.6666666666667,35.8333333333333,1,1
Indiana,Allen,AllenIndiana,169,65.1666666666667,43.3333333333333,2,2
Indiana,Bartholomew,BartholomewIndiana,115,60.6666666666667,40.3333333333333,2,2
Indiana,Clark,ClarkIndiana,164,62.8333333333333,41.5,2,2
Indiana,Daviess,DaviessIndiana,195,23,3.33333333333333,2,2
Indiana,Delaware,DelawareIndiana,130,54.5,37,1,1
Indiana,Elkhart,ElkhartIndiana,131,63.5,41.1666666666667,2,2
Indiana,Floyd,FloydIndiana,143,60,40.8333333333333,2,2
Indiana,Gibson,GibsonIndiana,115,27.8333333333333,3.5,1,1
Indiana,Greene,GreeneIndiana,140,59,40.3333333333333,2,2
Indiana,Hamilton,HamiltonIndiana,129,60.1666666666667,39.8333333333333,2,2
Indiana,Hendricks,HendricksIndiana,108,50.6666666666667,36,1,1
Indiana,Howard,HowardIndiana,108,59.3333333333333,40.6666666666667,1,2
Indiana,Knox,KnoxIndiana,122,52.8333333333333,35,1,1
Indiana,LaPorte,LaPorteIndiana,161,62.1666666666667,37.3333333333333,2,2
Indiana,Lake,LakeIndiana,217,69,46,2,2
Indiana,Madison,MadisonIndiana,141,60.5,40.3333333333333,2,2
Indiana,Marion,MarionIndiana,191,74,50.6666666666667,2,2
Indiana,Monroe,MonroeIndiana,157,51.6666666666667,30.6666666666667,1,1
Indiana,Morgan,MorganIndiana,128,51.3333333333333,32.1666666666667,2,2
Indiana,Pike,PikeIndiana,170,18,2.16666666666667,2,2
Indiana,Porter,PorterIndiana,164,65.3333333333333,41.8333333333333,2,2
Indiana,Posey,PoseyIndiana,126,57,38.8333333333333,1,1
Indiana,Shelby,ShelbyIndiana,112,54,38.5,1,1
Indiana,St. Joseph,St. JosephIndiana,134,65.5,42.3333333333333,2,2
Indiana,Tippecanoe,TippecanoeIndiana,128,56,34.1666666666667,1,2
Indiana,Vanderburgh,VanderburghIndiana,143,63.5,43.6666666666667,2,2
Indiana,Vigo,VigoIndiana,176,71.6666666666667,46.1666666666667,2,2
Indiana,Wabash,WabashIndiana,129,50.6666666666667,35.5,2,2
Indiana,Warrick,WarrickIndiana,151,60.6666666666667,39.8333333333333,2,2
Indiana,Whitley,WhitleyIndiana,125,57,34,1,2
Iowa,Black Hawk,Black HawkIowa,118,62,42.5,1,2
Iowa,Bremer,BremerIowa,112,48.1666666666667,36,1,1
Iowa,Clinton,ClintonIowa,146,66.8333333333333,48,1,2
Iowa,Harrison,HarrisonIowa,108,53.6666666666667,38.5,1,1
Iowa,Johnson,JohnsonIowa,139,57.5,35,1,2
Iowa,Linn,LinnIowa,149,64.6666666666667,41.6666666666667,2,2
Iowa,Montgomery,MontgomeryIowa,121,56.3333333333333,38.8333333333333,1,2
Iowa,Muscatine,MuscatineIowa,171,71.1666666666667,40.6666666666667,3,3
Iowa,Palo Alto,Palo AltoIowa,154,57.8333333333333,39.3333333333333,1,2
Iowa,Polk,PolkIowa,138,56.6666666666667,38.3333333333333,1,2
Iowa,Scott,ScottIowa,152,72.5,52.5,2,2
Iowa,Van Buren,Van BurenIowa,156,57.6666666666667,40,1,2
Kansas,Ford,FordKansas,187,31.3333333333333,14,1,1
Kansas,Johnson,JohnsonKansas,100,51,35.8333333333333,1,1
Kansas,Leavenworth,LeavenworthKansas,105,48.1666666666667,34,1,1
Kansas,Neosho,NeoshoKansas,122,53.1666666666667,37.5,1,1
Kansas,Sedgwick,SedgwickKansas,195,58.3333333333333,40.8333333333333,1,2
Kansas,Shawnee,ShawneeKansas,158,55.6666666666667,38.6666666666667,1,1
Kansas,Sumner,SumnerKansas,138,54,37.8333333333333,1,1
Kansas,Trego,TregoKansas,152,54.1666666666667,38,1,1
Kansas,Wyandotte,WyandotteKansas,172,63.3333333333333,43.1666666666667,2,2
Kentucky,Bell,BellKentucky,161,50.3333333333333,39.1666666666667,1,1
Kentucky,Boone,BooneKentucky,151,49.3333333333333,38.1666666666667,1,1
Kentucky,Boyd,BoydKentucky,126,57.3333333333333,39.8333333333333,1,2
Kentucky,Bullitt,BullittKentucky,150,53.8333333333333,39,1,1
Kentucky,Campbell,CampbellKentucky,129,62.3333333333333,42,2,2
Kentucky,Carter,CarterKentucky,103,49.1666666666667,35.8333333333333,1,1
Kentucky,Christian,ChristianKentucky,90,53.8333333333333,39.6666666666667,1,1
Kentucky,Daviess,DaviessKentucky,156,61.5,42.1666666666667,1,2
Kentucky,Edmonson,EdmonsonKentucky,100,54.3333333333333,38.3333333333333,1,1
Kentucky,Fayette,FayetteKentucky,139,58.1666666666667,40,1,2
Kentucky,Greenup,GreenupKentucky,119,45.8333333333333,30.6666666666667,1,1
Kentucky,Hardin,HardinKentucky,105,59.8333333333333,41.6666666666667,1,2
Kentucky,Henderson,HendersonKentucky,120,65,36,2,2
Kentucky,Jefferson,JeffersonKentucky,174,76.6666666666667,48.8333333333333,3,3
Kentucky,Jessamine,JessamineKentucky,126,50,34,1,1
Kentucky,Livingston,LivingstonKentucky,115,53.3333333333333,40,1,1
Kentucky,McCracken,McCrackenKentucky,115,60.6666666666667,42.1666666666667,1,2
Kentucky,Morgan,MorganKentucky,112,48.5,36,1,1
Kentucky,Oldham,OldhamKentucky,129,57.5,40.3333333333333,2,2
Kentucky,Perry,PerryKentucky,164,54.6666666666667,38.8333333333333,1,1
Kentucky,Pike,PikeKentucky,126,54.6666666666667,39.1666666666667,1,1
Kentucky,Pulaski,PulaskiKentucky,100,52.1666666666667,39,1,1
Kentucky,Simpson,SimpsonKentucky,101,51,39.3333333333333,1,1
Kentucky,Trigg,TriggKentucky,101,49.3333333333333,36.1666666666667,1,1
Kentucky,Warren,WarrenKentucky,100,55.8333333333333,39.3333333333333,1,2
Kentucky,Washington,WashingtonKentucky,112,50.3333333333333,37.3333333333333,1,1
Louisiana,Ascension,AscensionLouisiana,156,50.5,33.6666666666667,2,2
Louisiana,Bossier,BossierLouisiana,140,58.1666666666667,38,1,2
Louisiana,Caddo,CaddoLouisiana,128,55.8333333333333,37,1,1
Louisiana,Calcasieu,CalcasieuLouisiana,156,63.8333333333333,44,2,2
Louisiana,East Baton Rouge,East Baton RougeLouisiana,156,70.8333333333333,45.3333333333333,2,2
Louisiana,Iberville,IbervilleLouisiana,153,57.6666666666667,37,2,2
Louisiana,Jefferson,JeffersonLouisiana,126,58.1666666666667,39.3333333333333,1,2
Louisiana,Lafayette,LafayetteLouisiana,105,61.3333333333333,42,1,2
Louisiana,Lafourche,LafourcheLouisiana,126,53,36.8333333333333,1,1
Louisiana,Livingston,LivingstonLouisiana,122,61.5,42.1666666666667,2,2
Louisiana,Orleans,OrleansLouisiana,115,54.3333333333333,35.6666666666667,1,1
Louisiana,Ouachita,OuachitaLouisiana,100,50,34.6666666666667,1,1
Louisiana,Pointe Coupee,Pointe CoupeeLouisiana,140,47.5,32.5,2,2
Louisiana,St. Bernard,St. BernardLouisiana,123,65.5,43.3333333333333,2,2
Louisiana,St. James,St. JamesLouisiana,154,46,30.1666666666667,1,1
Louisiana,St. John the Baptist,St. John the BaptistLouisiana,108,48,33.3333333333333,1,1
Louisiana,St. Tammany,St. TammanyLouisiana,143,56.1666666666667,37.1666666666667,2,2
Louisiana,West Baton Rouge,West Baton RougeLouisiana,143,59,39,2,2
Maine,Androscoggin,AndroscogginMaine,100,50.8333333333333,34.3333333333333,1,1
Maine,Aroostook,AroostookMaine,174,54.5,35.8333333333333,1,1
Maine,Cumberland,CumberlandMaine,150,54.3333333333333,37.1666666666667,1,1
Maine,Hancock,HancockMaine,182,48.5,36.3333333333333,2,2
Maine,Kennebec,KennebecMaine,100,44.8333333333333,30,1,1
Maine,Oxford,OxfordMaine,97,50.8333333333333,32.5,1,1
Maine,Penobscot,PenobscotMaine,100,48.8333333333333,33.3333333333333,1,1
Maine,Washington,WashingtonMaine,147,44.5,33.8333333333333,1,1
Maine,York,YorkMaine,159,48.6666666666667,35.8333333333333,2,2
Maryland,Anne Arundel,Anne ArundelMaryland,143,68.3333333333333,41,2,2
Maryland,Baltimore,BaltimoreMaryland,204,72,41.8333333333333,3,3
Maryland,Calvert,CalvertMaryland,147,62.8333333333333,41.8333333333333,2,2
Maryland,Carroll,CarrollMaryland,122,64,42.1666666666667,2,2
Maryland,Cecil,CecilMaryland,187,64.1666666666667,41.6666666666667,2,2
Maryland,Charles,CharlesMaryland,133,62.3333333333333,42.1666666666667,2,2
Maryland,Dorchester,DorchesterMaryland,151,59.3333333333333,41,1,2
Maryland,Frederick,FrederickMaryland,122,63.6666666666667,42.6666666666667,2,2
Maryland,Garrett,GarrettMaryland,100,52.1666666666667,38.8333333333333,1,1
Maryland,Harford,HarfordMaryland,156,67.6666666666667,42.3333333333333,2,2
Maryland,Howard,HowardMaryland,92,56.5,36.8333333333333,1,2
Maryland,Kent,KentMaryland,150,62,40.6666666666667,2,2
Maryland,Montgomery,MontgomeryMaryland,143,58.6666666666667,40.6666666666667,1,2
Maryland,Prince George's,Prince George'sMaryland,166,68.5,43.3333333333333,2,2
Maryland,Washington,WashingtonMaryland,112,61.3333333333333,41.3333333333333,1,2
Massachusetts,Barnstable,BarnstableMassachusetts,150,46.5,35.6666666666667,2,2
Massachusetts,Berkshire,BerkshireMassachusetts,122,55.8333333333333,35,1,2
Massachusetts,Bristol,BristolMassachusetts,151,54,38.1666666666667,2,2
Massachusetts,Dukes,DukesMassachusetts,177,46.8333333333333,35.5,2,2
Massachusetts,Essex,EssexMassachusetts,136,53.8333333333333,37.6666666666667,2,2
Massachusetts,Franklin,FranklinMassachusetts,115,53.6666666666667,36.6666666666667,1,1
Massachusetts,Hampden,HampdenMassachusetts,161,58.6666666666667,38.6666666666667,2,2
Massachusetts,Hampshire,HampshireMassachusetts,159,51.8333333333333,37.1666666666667,2,2
Massachusetts,Middlesex,MiddlesexMassachusetts,119,46.5,33.8333333333333,1,1
Massachusetts,Norfolk,NorfolkMassachusetts,156,48.5,35.6666666666667,1,1
Massachusetts,Plymouth,PlymouthMassachusetts,147,52.1666666666667,36.1666666666667,1,1
Massachusetts,Suffolk,SuffolkMassachusetts,126,60.5,43.3333333333333,1,2
Massachusetts,Worcester,WorcesterMassachusetts,143,55.6666666666667,38.3333333333333,2,2
Michigan,Allegan,AlleganMichigan,151,68.5,40.1666666666667,2,2
Michigan,Bay,BayMichigan,96,50.3333333333333,29.3333333333333,1,1
Michigan,Berrien,BerrienMichigan,140,66.1666666666667,40.5,2,2
Michigan,Clinton,ClintonMichigan,143,58.8333333333333,38.8333333333333,2,2
Michigan,Genesee,GeneseeMichigan,131,60.3333333333333,38.6666666666667,2,2
Michigan,Ingham,InghamMichigan,147,56.5,37.8333333333333,2,2
Michigan,Kalamazoo,KalamazooMichigan,119,59.8333333333333,39.8333333333333,2,2
Michigan,Kent,KentMichigan,153,62.3333333333333,39.1666666666667,2,2
Michigan,Lenawee,LenaweeMichigan,129,61.1666666666667,40.1666666666667,2,2
Michigan,Macomb,MacombMichigan,165,66.6666666666667,40.3333333333333,2,2
Michigan,Manistee,ManisteeMichigan,133,51.8333333333333,34.3333333333333,2,2
Michigan,Missaukee,MissaukeeMichigan,115,50.8333333333333,36.1666666666667,1,1
Michigan,Monroe,MonroeMichigan,101,33,3.33333333333333,1,1
Michigan,Oakland,OaklandMichigan,151,67,39.8333333333333,2,2
Michigan,Schoolcraft,SchoolcraftMichigan,147,48.3333333333333,30.3333333333333,2,2
Michigan,St. Clair,St. ClairMichigan,151,68,39.8333333333333,2,2
Michigan,Tuscola,TuscolaMichigan,115,47.6666666666667,33.8333333333333,1,1
Michigan,Washtenaw,WashtenawMichigan,150,62.5,40.8333333333333,2,2
Michigan,Wayne,WayneMichigan,186,82,53.3333333333333,2,2
Michigan,Wexford,WexfordMichigan,126,47.3333333333333,34.6666666666667,1,1
Minnesota,Anoka,AnokaMinnesota,145,56.3333333333333,37.5,1,1
Minnesota,Becker,BeckerMinnesota,130,48,30.3333333333333,1,1
Minnesota,Carlton,CarltonMinnesota,101,44.5,29,1,1
Minnesota,Cook,CookMinnesota,89,31.3333333333333,17.5,1,1
Minnesota,Crow Wing,Crow WingMinnesota,137,48.3333333333333,30,1,1
Minnesota,Dakota,DakotaMinnesota,137,52.6666666666667,28.8333333333333,1,1
Minnesota,Goodhue,GoodhueMinnesota,133,48.6666666666667,36.3333333333333,1,1
Minnesota,Hennepin,HennepinMinnesota,145,64.6666666666667,43.1666666666667,1,2
Minnesota,Lake,LakeMinnesota,110,47.6666666666667,27.5,1,1
Minnesota,Lyon,LyonMinnesota,119,49.1666666666667,31.6666666666667,1,1
Minnesota,Olmsted,OlmstedMinnesota,116,54.5,36.1666666666667,1,1
Minnesota,Ramsey,RamseyMinnesota,151,57.3333333333333,32.3333333333333,1,2
Minnesota,Scott,ScottMinnesota,112,49.5,33.6666666666667,1,1
Minnesota,Stearns,StearnsMinnesota,151,50.5,32.5,1,1
Minnesota,Washington,WashingtonMinnesota,200,59.3333333333333,37.6666666666667,1,2
Minnesota,Wright,WrightMinnesota,140,54,34,1,1
Mississippi,Bolivar,BolivarMississippi,129,53.8333333333333,39,1,1
Mississippi,DeSoto,DeSotoMississippi,159,57.1666666666667,39.5,1,2
Mississippi,Forrest,ForrestMississippi,119,54.5,36.3333333333333,1,2
Mississippi,Hancock,HancockMississippi,112,52.5,36.5,1,1
Mississippi,Harrison,HarrisonMississippi,119,57.5,39,2,2
Mississippi,Hinds,HindsMississippi,153,63.8333333333333,45,1,2
Mississippi,Jackson,JacksonMississippi,122,54.5,35.1666666666667,2,2
Mississippi,Lauderdale,LauderdaleMississippi,87,48,35.3333333333333,1,1
Mississippi,Lee,LeeMississippi,87,48.3333333333333,37.1666666666667,1,1
Mississippi,Yalobusha,YalobushaMississippi,97,43.8333333333333,31.8333333333333,1,1
Missouri,Andrew,AndrewMissouri,112,57.8333333333333,40.5,1,1
Missouri,Boone,BooneMissouri,105,50,38.6666666666667,1,1
Missouri,Buchanan,BuchananMissouri,141,57.5,36.3333333333333,1,2
Missouri,Callaway,CallawayMissouri,101,50.6666666666667,39.5,1,1
Missouri,Cass,CassMissouri,115,57.1666666666667,39.3333333333333,1,2
Missouri,Cedar,CedarMissouri,101,55,37.8333333333333,1,1
Missouri,Clay,ClayMissouri,147,63.6666666666667,39.6666666666667,2,2
Missouri,Clinton,ClintonMissouri,143,64.1666666666667,41.6666666666667,2,2
Missouri,Greene,GreeneMissouri,93,55.1666666666667,39,1,1
Missouri,Iron,IronMissouri,149,37,12.6666666666667,1,1
Missouri,Jackson,JacksonMissouri,150,72.8333333333333,41,2,2
Missouri,Jefferson,JeffersonMissouri,142,63.1666666666667,40.1666666666667,2,2
Missouri,Lincoln,LincolnMissouri,143,59,40,1,1
Missouri,Monroe,MonroeMissouri,105,46.1666666666667,34,1,1
Missouri,Perry,PerryMissouri,129,59.6666666666667,41,1,1
Missouri,St. Louis City,St. Louis CityMissouri,182,68.6666666666667,47.3333333333333,2,2
Montana,Cascade,CascadeMontana,165,48.5,25.8333333333333,3,3
Montana,Fergus,FergusMontana,163,48.1666666666667,37.8333333333333,3,3
Montana,Flathead,FlatheadMontana,250,62.3333333333333,38.6666666666667,3,3
Montana,Gallatin,GallatinMontana,365,54.3333333333333,24.1666666666667,3,3
Montana,Lewis and Clark,Lewis and ClarkMontana,171,67,41.6666666666667,3,3
Montana,Lincoln,LincolnMontana,216,74.3333333333333,38.5,3,3
Montana,Missoula,MissoulaMontana,593,100.333333333333,49,3,3
Montana,Ravalli,RavalliMontana,247,66.8333333333333,22.1666666666667,3,3
Montana,Richland,RichlandMontana,173,52.1666666666667,37.1666666666667,1,1
Montana,Rosebud,RosebudMontana,185,54.1666666666667,37.6666666666667,3,3
Montana,Silver Bow,Silver BowMontana,180,64.6666666666667,26.1666666666667,3,3
Montana,Yellowstone,YellowstoneMontana,158,49.5,25.1666666666667,2,2
Nebraska,Cass,CassNebraska,106,43.1666666666667,19.6666666666667,1,1
Nebraska,Douglas,DouglasNebraska,130,61.8333333333333,41.6666666666667,2,2
Nebraska,Knox,KnoxNebraska,101,48.1666666666667,35.1666666666667,1,1
Nebraska,Lancaster,LancasterNebraska,113,49.5,34,1,1
Nebraska,Sarpy,SarpyNebraska,120,54.6666666666667,33.1666666666667,1,1
Nevada,Carson City,Carson CityNevada,162,64,43,3,3
Nevada,Churchill,ChurchillNevada,133,60.6666666666667,43.1666666666667,2,2
Nevada,Clark,ClarkNevada,268,94.6666666666667,57.8333333333333,3,3
Nevada,Douglas,DouglasNevada,205,54.8333333333333,22,3,3
Nevada,Elko,ElkoNevada,164,45,22.8333333333333,1,1
Nevada,Lyon,LyonNevada,133,61,42.3333333333333,2,2
Nevada,Nye,NyeNevada,349,34.8333333333333,17.1666666666667,1,1
Nevada,Washoe,WashoeNevada,891,76.3333333333333,48.1666666666667,2,2
Nevada,White Pine,White PineNevada,115,60.5,43.3333333333333,1,2
New Hampshire,Belknap,BelknapNew Hampshire,90,46.5,32,1,1
New Hampshire,Cheshire,CheshireNew Hampshire,154,53.6666666666667,36.1666666666667,1,1
New Hampshire,Coos,CoosNew Hampshire,174,57.5,43.1666666666667,2,2
New Hampshire,Grafton,GraftonNew Hampshire,101,48,34.6666666666667,1,1
New Hampshire,Hillsborough,HillsboroughNew Hampshire,129,49.5,37.1666666666667,1,1
New Hampshire,Merrimack,MerrimackNew Hampshire,105,44.6666666666667,30,1,1
New Hampshire,Rockingham,RockinghamNew Hampshire,126,53.8333333333333,39.1666666666667,2,2
New Jersey,Atlantic,AtlanticNew Jersey,167,52.8333333333333,37.3333333333333,1,1
New Jersey,Bergen,BergenNew Jersey,164,69.5,43,2,2
New Jersey,Camden,CamdenNew Jersey,161,71.5,44.8333333333333,2,2
New Jersey,Cumberland,CumberlandNew Jersey,136,54.8333333333333,36.8333333333333,1,1
New Jersey,Essex,EssexNew Jersey,177,61.3333333333333,39.6666666666667,2,2
New Jersey,Gloucester,GloucesterNew Jersey,147,64.3333333333333,39.1666666666667,2,2
New Jersey,Hudson,HudsonNew Jersey,174,66.1666666666667,41.8333333333333,2,2
New Jersey,Hunterdon,HunterdonNew Jersey,179,61.1666666666667,38.1666666666667,2,2
New Jersey,Mercer,MercerNew Jersey,187,65.8333333333333,41.3333333333333,2,2
New Jersey,Middlesex,MiddlesexNew Jersey,174,63.3333333333333,38.5,2,2
New Jersey,Monmouth,MonmouthNew Jersey,154,55.1666666666667,36.3333333333333,2,2
New Jersey,Morris,MorrisNew Jersey,151,54.3333333333333,35.5,2,2
New Jersey,Ocean,OceanNew Jersey,161,61.6666666666667,37.5,2,2
New Jersey,Passaic,PassaicNew Jersey,150,59.5,38.3333333333333,2,2
New Jersey,Union,UnionNew Jersey,141,62.1666666666667,43,1,2
New Jersey,Warren,WarrenNew Jersey,123,56.5,35.8333333333333,2,2
New Mexico,Bernalillo,BernalilloNew Mexico,165,77.3333333333333,50.5,2,2
New Mexico,Dona Ana,Dona AnaNew Mexico,630,89.5,53.3333333333333,3,3
New Mexico,Eddy,EddyNew Mexico,185,75.3333333333333,44.3333333333333,3,3
New Mexico,Lea,LeaNew Mexico,157,67.5,42.8333333333333,2,2
New Mexico,Luna,LunaNew Mexico,617,36.1666666666667,20.6666666666667,1,2
New Mexico,Rio Arriba,Rio ArribaNew Mexico,126,61.3333333333333,44,1,2
New Mexico,San Juan,San JuanNew Mexico,133,77,45.8333333333333,2,2
New Mexico,Sandoval,SandovalNew Mexico,119,64.3333333333333,42.8333333333333,2,2
New Mexico,Santa Fe,Santa FeNew Mexico,122,61.6666666666667,43.3333333333333,1,2
New Mexico,Taos,TaosNew Mexico,70,31.1666666666667,14.8333333333333,1,1
New Mexico,Valencia,ValenciaNew Mexico,108,65.1666666666667,43.5,1,2
New York,Albany,AlbanyNew York,119,55.5,37,1,1
New York,Chautauqua,ChautauquaNew York,140,53.8333333333333,37,2,2
New York,Dutchess,DutchessNew York,156,46.3333333333333,32.8333333333333,1,1
New York,Erie,ErieNew York,136,61.5,41,2,2
New York,Essex,EssexNew York,112,52,39.6666666666667,1,1
New York,Franklin,FranklinNew York,119,27.3333333333333,16,1,1
New York,Hamilton,HamiltonNew York,112,44.6666666666667,33.3333333333333,1,1
New York,Herkimer,HerkimerNew York,108,42.8333333333333,32,1,1
New York,Jefferson,JeffersonNew York,122,46.3333333333333,33.3333333333333,1,1
New York,Monroe,MonroeNew York,122,54.8333333333333,36.5,1,1
New York,Nassau,NassauNew York,92,47.8333333333333,23.5,1,1
New York,Niagara,NiagaraNew York,119,49.1666666666667,35.6666666666667,1,1
New York,Oneida,OneidaNew York,79,44.3333333333333,21.1666666666667,1,1
New York,Onondaga,OnondagaNew York,122,51.3333333333333,35,1,1
New York,Orange,OrangeNew York,147,51,35.6666666666667,1,1
New York,Oswego,OswegoNew York,115,44.8333333333333,32.8333333333333,1,1
New York,Putnam,PutnamNew York,156,47.1666666666667,33.1666666666667,1,1
New York,Rockland,RocklandNew York,210,54.8333333333333,36.1666666666667,2,2
New York,Saratoga,SaratogaNew York,119,45.3333333333333,32.5,1,1
New York,Steuben,SteubenNew York,122,47.8333333333333,34,1,1
New York,Suffolk,SuffolkNew York,172,60.6666666666667,40,2,2
New York,Tompkins,TompkinsNew York,122,46.6666666666667,34.5,1,1
New York,Wayne,WayneNew York,136,48.5,34.8333333333333,1,1
New York,Westchester,WestchesterNew York,169,56.5,37,2,2
North Carolina,Avery,AveryNorth Carolina,149,50,39.8333333333333,1,1
North Carolina,Beaufort,BeaufortNorth Carolina,90,10.3333333333333,0.333333333333333,1,1
North Carolina,Buncombe,BuncombeNorth Carolina,167,53.8333333333333,37.1666666666667,1,1
North Carolina,Caldwell,CaldwellNorth Carolina,100,53.3333333333333,39.6666666666667,1,1
North Carolina,Carteret,CarteretNorth Carolina,93,47.8333333333333,36.6666666666667,1,1
North Carolina,Caswell,CaswellNorth Carolina,97,53,38.6666666666667,1,1
North Carolina,Catawba,CatawbaNorth Carolina,153,55.5,34.6666666666667,1,2
North Carolina,Cumberland,CumberlandNorth Carolina,100,58.3333333333333,41,1,2
North Carolina,Davidson,DavidsonNorth Carolina,93,57.1666666666667,38.3333333333333,1,2
North Carolina,Durham,DurhamNorth Carolina,119,57.5,41.5,1,2
North Carolina,Edgecombe,EdgecombeNorth Carolina,97,51.8333333333333,35.3333333333333,1,1
North Carolina,Forsyth,ForsythNorth Carolina,126,65.6666666666667,44,1,2
North Carolina,Graham,GrahamNorth Carolina,112,59.8333333333333,43.1666666666667,1,2
North Carolina,Granville,GranvilleNorth Carolina,100,60.3333333333333,42.8333333333333,1,1
North Carolina,Guilford,GuilfordNorth Carolina,133,61.3333333333333,41.8333333333333,1,2
North Carolina,Haywood,HaywoodNorth Carolina,199,75.1666666666667,44.1666666666667,3,3
North Carolina,Johnston,JohnstonNorth Carolina,107,54.6666666666667,39.6666666666667,1,1
North Carolina,Lenoir,LenoirNorth Carolina,108,53,39,1,1
North Carolina,Lincoln,LincolnNorth Carolina,156,60.8333333333333,42.8333333333333,1,2
North Carolina,Macon,MaconNorth Carolina,101,46.1666666666667,32.6666666666667,1,1
North Carolina,Martin,MartinNorth Carolina,97,50.8333333333333,36.5,1,1
North Carolina,Mecklenburg,MecklenburgNorth Carolina,154,70,44.6666666666667,2,2
North Carolina,Montgomery,MontgomeryNorth Carolina,97,52.6666666666667,38.6666666666667,1,1
North Carolina,New Hanover,New HanoverNorth Carolina,93,50,33.1666666666667,1,1
North Carolina,Person,PersonNorth Carolina,110,50.8333333333333,36.5,1,1
North Carolina,Pitt,PittNorth Carolina,100,53.3333333333333,38,1,1
North Carolina,Rockingham,RockinghamNorth Carolina,112,56.6666666666667,40.1666666666667,1,1
North Carolina,Rowan,RowanNorth Carolina,122,57.3333333333333,40.3333333333333,1,1
North Carolina,Swain,SwainNorth Carolina,174,55,37.5,1,1
North Carolina,Union,UnionNorth Carolina,122,66.3333333333333,44,2,2
North Carolina,Wake,WakeNorth Carolina,135,62.5,45.3333333333333,1,2
North Carolina,Yancey,YanceyNorth Carolina,115,64,44.6666666666667,1,2
North Dakota,Billings,BillingsNorth Dakota,154,48.5,35.5,1,1
North Dakota,Burke,BurkeNorth Dakota,179,48,33.6666666666667,1,1
North Dakota,Burleigh,BurleighNorth Dakota,198,49.3333333333333,33.5,1,1
North Dakota,Cass,CassNorth Dakota,156,52.3333333333333,35.3333333333333,1,1
North Dakota,Dunn,DunnNorth Dakota,155,48.8333333333333,34.6666666666667,1,2
North Dakota,McKenzie,McKenzieNorth Dakota,205,49.1666666666667,35,1,1
North Dakota,Mercer,MercerNorth Dakota,157,50.1666666666667,34.5,2,2
North Dakota,Oliver,OliverNorth Dakota,162,51.3333333333333,34.8333333333333,1,1
North Dakota,Williams,WilliamsNorth Dakota,178,55.3333333333333,35.3333333333333,3,3
Ohio,Adams,AdamsOhio,85,40,23.3333333333333,1,1
Ohio,Allen,AllenOhio,122,56.8333333333333,36.5,1,2
Ohio,Ashtabula,AshtabulaOhio,143,51.5,32,2,2
Ohio,Belmont,BelmontOhio,100,34.5,13.3333333333333,1,1
Ohio,Butler,ButlerOhio,147,72,42.1666666666667,2,2
Ohio,Clark,ClarkOhio,140,65.6666666666667,43.3333333333333,2,2
Ohio,Clermont,ClermontOhio,140,63.6666666666667,43.1666666666667,2,2
Ohio,Clinton,ClintonOhio,143,63.6666666666667,42.5,2,2
Ohio,Columbiana,ColumbianaOhio,59,15.1666666666667,2.5,1,1
Ohio,Cuyahoga,CuyahogaOhio,200,74.3333333333333,47.5,3,3
Ohio,Delaware,DelawareOhio,112,54.8333333333333,39.8333333333333,1,1
Ohio,Fayette,FayetteOhio,122,50.1666666666667,36.5,1,1
Ohio,Franklin,FranklinOhio,126,64.8333333333333,43.8333333333333,2,2
Ohio,Geauga,GeaugaOhio,140,70.6666666666667,42.6666666666667,2,2
Ohio,Greene,GreeneOhio,122,60.3333333333333,41.5,1,2
Ohio,Hamilton,HamiltonOhio,159,76.1666666666667,51.5,2,2
Ohio,Jefferson,JeffersonOhio,150,68.5,49,2,2
Ohio,Knox,KnoxOhio,119,58,40.1666666666667,1,1
Ohio,Lake,LakeOhio,157,65.8333333333333,39.6666666666667,2,2
Ohio,Lawrence,LawrenceOhio,159,55.8333333333333,38.8333333333333,1,2
Ohio,Licking,LickingOhio,108,55,41,1,1
Ohio,Lorain,LorainOhio,115,54,35.6666666666667,1,1
Ohio,Lucas,LucasOhio,151,64,41,2,2
Ohio,Madison,MadisonOhio,112,58.6666666666667,42,2,2
Ohio,Mahoning,MahoningOhio,114,58.1666666666667,38.5,1,2
Ohio,Medina,MedinaOhio,105,58.8333333333333,40.3333333333333,1,2
Ohio,Miami,MiamiOhio,140,59,41,2,2
Ohio,Montgomery,MontgomeryOhio,129,65,42.8333333333333,2,2
Ohio,Morgan,MorganOhio,156,22,2.5,2,2
Ohio,Noble,NobleOhio,112,51.6666666666667,37,1,1
Ohio,Portage,PortageOhio,100,53.6666666666667,37.1666666666667,1,1
Ohio,Preble,PrebleOhio,119,60.5,41.1666666666667,1,2
Ohio,Scioto,SciotoOhio,129,39.3333333333333,15.3333333333333,1,1
Ohio,Stark,StarkOhio,119,66.3333333333333,42.6666666666667,2,2
Ohio,Summit,SummitOhio,135,62.8333333333333,41.6666666666667,1,2
Ohio,Trumbull,TrumbullOhio,133,61.1666666666667,40.6666666666667,2,2
Ohio,Warren,WarrenOhio,136,67.3333333333333,44.6666666666667,2,2
Ohio,Washington,WashingtonOhio,115,54.8333333333333,40.5,1,1
Ohio,Wood,WoodOhio,115,55.5,39.1666666666667,1,1
Oklahoma,Adair,AdairOklahoma,198,55.5,39.5,1,1
Oklahoma,Canadian,CanadianOklahoma,150,57.8333333333333,36.8333333333333,1,1
Oklahoma,Cleveland,ClevelandOklahoma,121,63.5,43,2,2
Oklahoma,Comanche,ComancheOklahoma,122,60,41.1666666666667,1,2
Oklahoma,Creek,CreekOklahoma,115,49.8333333333333,37.1666666666667,1,1
Oklahoma,Dewey,DeweyOklahoma,134,61.3333333333333,41,1,2
Oklahoma,Kay,KayOklahoma,126,60.5,43.6666666666667,2,2
Oklahoma,Mayes,MayesOklahoma,140,48.8333333333333,35.6666666666667,1,1
Oklahoma,Muskogee,MuskogeeOklahoma,196,41.1666666666667,16.8333333333333,1,1
Oklahoma,Oklahoma,OklahomaOklahoma,147,68.8333333333333,44.5,2,2
Oklahoma,Ottawa,OttawaOklahoma,118,58.8333333333333,41.1666666666667,1,2
Oklahoma,Pittsburg,PittsburgOklahoma,108,58.6666666666667,40.5,1,2
Oklahoma,Sequoyah,SequoyahOklahoma,93,51.5,35.8333333333333,1,1
Oklahoma,Tulsa,TulsaOklahoma,192,67.6666666666667,46.1666666666667,2,2
Oregon,Baker,BakerOregon,170,52.8333333333333,22.5,3,3
Oregon,Benton,BentonOregon,153,42.1666666666667,15.5,1,1
Oregon,Clackamas,ClackamasOregon,212,55,31.5,3,3
Oregon,Columbia,ColumbiaOregon,154,41.6666666666667,25.3333333333333,1,1
Oregon,Crook,CrookOregon,199,65,23.3333333333333,3,3
Oregon,Deschutes,DeschutesOregon,365,56.6666666666667,24.1666666666667,3,3
Oregon,Douglas,DouglasOregon,166,48.8333333333333,20,1,1
Oregon,Grant,GrantOregon,169,60.3333333333333,28.8333333333333,3,3
Oregon,Harney,HarneyOregon,169,66.8333333333333,27.1666666666667,3,3
Oregon,Jackson,JacksonOregon,356,86.1666666666667,39.6666666666667,3,3
Oregon,Josephine,JosephineOregon,333,73.5,27.6666666666667,3,3
Oregon,Klamath,KlamathOregon,254,85.1666666666667,30.8333333333333,3,3
Oregon,Lake,LakeOregon,180,65.3333333333333,21,3,3
Oregon,Lane,LaneOregon,380,75.5,37.8333333333333,3,3
Oregon,Linn,LinnOregon,179,55.6666666666667,23.8333333333333,3,3
Oregon,Marion,MarionOregon,170,55.1666666666667,31.1666666666667,2,2
Oregon,Multnomah,MultnomahOregon,163,51.8333333333333,33.1666666666667,3,3
Oregon,Umatilla,UmatillaOregon,229,58.6666666666667,35.3333333333333,3,3
Oregon,Union,UnionOregon,196,56.3333333333333,22.6666666666667,3,3
Oregon,Wallowa,WallowaOregon,176,51.8333333333333,19,3,3
Oregon,Wasco,WascoOregon,253,53.5,26.3333333333333,3,3
Oregon,Washington,WashingtonOregon,169,57.8333333333333,32.5,2,2
Pennsylvania,Adams,AdamsPennsylvania,129,62.3333333333333,41.8333333333333,2,2
Pennsylvania,Allegheny,AlleghenyPennsylvania,175,88.3333333333333,53.3333333333333,3,3
Pennsylvania,Armstrong,ArmstrongPennsylvania,143,62.1666666666667,42.8333333333333,2,2
Pennsylvania,Beaver,BeaverPennsylvania,136,68.1666666666667,45.6666666666667,2,2
Pennsylvania,Berks,BerksPennsylvania,165,69.8333333333333,44.1666666666667,2,2
Pennsylvania,Blair,BlairPennsylvania,132,61.1666666666667,41.6666666666667,1,2
Pennsylvania,Bradford,BradfordPennsylvania,97,49,34.6666666666667,1,1
Pennsylvania,Bucks,BucksPennsylvania,172,66,38.1666666666667,3,3
Pennsylvania,Cambria,CambriaPennsylvania,108,63.1666666666667,43.3333333333333,1,2
Pennsylvania,Centre,CentrePennsylvania,122,61.6666666666667,42.3333333333333,1,2
Pennsylvania,Chester,ChesterPennsylvania,166,67.3333333333333,44,2,2
Pennsylvania,Clearfield,ClearfieldPennsylvania,119,48.1666666666667,35,1,1
Pennsylvania,Cumberland,CumberlandPennsylvania,150,62.6666666666667,39,2,2
Pennsylvania,Dauphin,DauphinPennsylvania,158,67.8333333333333,43.5,2,2
Pennsylvania,Delaware,DelawarePennsylvania,150,70.1666666666667,47.1666666666667,2,2
Pennsylvania,Elk,ElkPennsylvania,126,47.8333333333333,35.5,1,1
Pennsylvania,Erie,EriePennsylvania,129,58,39.3333333333333,1,2
Pennsylvania,Franklin,FranklinPennsylvania,87,46.1666666666667,34.3333333333333,1,1
Pennsylvania,Greene,GreenePennsylvania,115,52.8333333333333,37,1,1
Pennsylvania,Indiana,IndianaPennsylvania,136,56.3333333333333,38.3333333333333,2,2
Pennsylvania,Lackawanna,LackawannaPennsylvania,129,59.8333333333333,40,1,2
Pennsylvania,Lancaster,LancasterPennsylvania,157,75.8333333333333,48.8333333333333,2,2
Pennsylvania,Lawrence,LawrencePennsylvania,119,48.3333333333333,33,1,1
Pennsylvania,Lebanon,LebanonPennsylvania,142,70,46,2,2
Pennsylvania,Lehigh,LehighPennsylvania,129,59.5,37.8333333333333,2,2
Pennsylvania,Luzerne,LuzernePennsylvania,119,47,33.5,1,1
Pennsylvania,Lycoming,LycomingPennsylvania,108,46.6666666666667,33.6666666666667,1,1
Pennsylvania,Mercer,MercerPennsylvania,152,64.3333333333333,44.1666666666667,2,2
Pennsylvania,Monroe,MonroePennsylvania,140,54.6666666666667,37.6666666666667,1,1
Pennsylvania,Montgomery,MontgomeryPennsylvania,140,63.6666666666667,38.3333333333333,2,2
Pennsylvania,Northampton,NorthamptonPennsylvania,217,73,46,2,2
Pennsylvania,Philadelphia,PhiladelphiaPennsylvania,166,75.1666666666667,49,3,3
Pennsylvania,Somerset,SomersetPennsylvania,105,47.8333333333333,35.1666666666667,1,1
Pennsylvania,Tioga,TiogaPennsylvania,112,53,38.1666666666667,1,1
Pennsylvania,Warren,WarrenPennsylvania,156,42.6666666666667,12.3333333333333,2,2
Pennsylvania,Washington,WashingtonPennsylvania,129,67.8333333333333,48,2,2
Pennsylvania,Westmoreland,WestmorelandPennsylvania,147,60.8333333333333,42.1666666666667,2,2
Pennsylvania,York,YorkPennsylvania,133,65.5,43.6666666666667,2,2
Rhode Island,Kent,KentRhode Island,166,50,33,2,2
Rhode Island,Providence,ProvidenceRhode Island,170,60.1666666666667,42.1666666666667,2,2
Rhode Island,Washington,WashingtonRhode Island,151,50.5,34.8333333333333,2,2
South Carolina,Aiken,AikenSouth Carolina,97,51.6666666666667,38.8333333333333,1,1
South Carolina,Anderson,AndersonSouth Carolina,108,50.6666666666667,38.3333333333333,1,1
South Carolina,Berkeley,BerkeleySouth Carolina,100,47,33.5,1,1
South Carolina,Charleston,CharlestonSouth Carolina,158,52.8333333333333,37.3333333333333,1,1
South Carolina,Chesterfield,ChesterfieldSouth Carolina,139,55.5,38.8333333333333,1,1
South Carolina,Darlington,DarlingtonSouth Carolina,100,52.6666666666667,39.5,1,1
South Carolina,Edgefield,EdgefieldSouth Carolina,166,53.3333333333333,37.1666666666667,1,1
South Carolina,Greenville,GreenvilleSouth Carolina,188,62,42.8333333333333,1,2
South Carolina,Lexington,LexingtonSouth Carolina,166,54.8333333333333,34.3333333333333,1,2
South Carolina,Oconee,OconeeSouth Carolina,133,50.8333333333333,37.6666666666667,1,1
South Carolina,Pickens,PickensSouth Carolina,108,55.6666666666667,41.1666666666667,1,1
South Carolina,Richland,RichlandSouth Carolina,168,58.5,41.5,1,2
South Carolina,Spartanburg,SpartanburgSouth Carolina,126,60.5,42.5,1,2
South Carolina,York,YorkSouth Carolina,133,53.3333333333333,36.8333333333333,2,2
South Dakota,Brookings,BrookingsSouth Dakota,129,53.5,36.1666666666667,1,1
South Dakota,Codington,CodingtonSouth Dakota,138,49.1666666666667,26.3333333333333,1,1
South Dakota,Custer,CusterSouth Dakota,159,49.5,39.8333333333333,1,1
South Dakota,Jackson,JacksonSouth Dakota,142,49.8333333333333,39,1,1
South Dakota,Meade,MeadeSouth Dakota,80,42.1666666666667,34,1,1
South Dakota,Minnehaha,MinnehahaSouth Dakota,124,56.8333333333333,37.1666666666667,1,2
South Dakota,Pennington,PenningtonSouth Dakota,152,58.5,32,2,2
South Dakota,Union,UnionSouth Dakota,112,55.3333333333333,36.8333333333333,1,1
Tennessee,Anderson,AndersonTennessee,105,51.5,33.1666666666667,1,1
Tennessee,Blount,BlountTennessee,159,58.6666666666667,41.5,1,2
Tennessee,Claiborne,ClaiborneTennessee,108,48,35.5,1,1
Tennessee,Davidson,DavidsonTennessee,151,63.8333333333333,44.6666666666667,2,2
Tennessee,Hamilton,HamiltonTennessee,177,62.8333333333333,43.5,2,2
Tennessee,Jefferson,JeffersonTennessee,133,64.8333333333333,44,1,2
Tennessee,Knox,KnoxTennessee,169,62,43.1666666666667,1,2
Tennessee,Loudon,LoudonTennessee,164,58.6666666666667,38.8333333333333,2,2
Tennessee,Montgomery,MontgomeryTennessee,83,51.8333333333333,30.8333333333333,1,1
Tennessee,Sevier,SevierTennessee,115,61.5,43.6666666666667,1,2
Tennessee,Shelby,ShelbyTennessee,161,64.1666666666667,42.3333333333333,2,2
Tennessee,Sullivan,SullivanTennessee,200,86.1666666666667,45.8333333333333,2,2
Tennessee,Sumner,SumnerTennessee,133,60.1666666666667,40.5,1,2
Tennessee,Williamson,WilliamsonTennessee,108,51.6666666666667,39.1666666666667,1,1
Tennessee,Wilson,WilsonTennessee,119,54.5,39.1666666666667,1,1
Texas,Bell,BellTexas,136,58.5,38.5,2,2
Texas,Bexar,BexarTexas,188,70.6666666666667,45.3333333333333,3,3
Texas,Brazoria,BrazoriaTexas,174,57.8333333333333,33.6666666666667,3,3
Texas,Brewster,BrewsterTexas,100,53.3333333333333,40,1,1
Texas,Cameron,CameronTexas,110,63.1666666666667,41.3333333333333,1,2
Texas,Collin,CollinTexas,156,63.1666666666667,37.6666666666667,2,2
Texas,Dallas,DallasTexas,161,71.3333333333333,44.5,2,2
Texas,Denton,DentonTexas,172,71.3333333333333,41.8333333333333,3,3
Texas,Ector,EctorTexas,102,50.1666666666667,29,1,1
Texas,El Paso,El PasoTexas,164,81.8333333333333,51.3333333333333,3,3
Texas,Ellis,EllisTexas,136,60.3333333333333,40.6666666666667,2,2
Texas,Galveston,GalvestonTexas,202,63.3333333333333,38.5,2,2
Texas,Gregg,GreggTexas,143,51.6666666666667,34.8333333333333,1,1
Texas,Harris,HarrisTexas,204,86,50.8333333333333,3,3
Texas,Harrison,HarrisonTexas,113,54.5,37.5,1,1
Texas,Hidalgo,HidalgoTexas,115,63.6666666666667,39.1666666666667,1,2
Texas,Hood,HoodTexas,164,54.6666666666667,34.8333333333333,2,2
Texas,Hunt,HuntTexas,154,48,34.1666666666667,1,1
Texas,Jefferson,JeffersonTexas,174,71.1666666666667,43.6666666666667,2,2
Texas,Johnson,JohnsonTexas,156,63.6666666666667,37.5,2,2
Texas,Kaufman,KaufmanTexas,122,55,37.8333333333333,1,1
Texas,Maverick,MaverickTexas,104,54.5,29.6666666666667,1,1
Texas,McLennan,McLennanTexas,115,54.1666666666667,37.5,1,1
Texas,Montgomery,MontgomeryTexas,156,65.3333333333333,41.1666666666667,2,2
Texas,Navarro,NavarroTexas,200,65.5,40.3333333333333,3,3
Texas,Nueces,NuecesTexas,112,61.1666666666667,39.8333333333333,1,2
Texas,Orange,OrangeTexas,129,59,38.8333333333333,2,2
Texas,Parker,ParkerTexas,164,55.5,36.6666666666667,2,2
Texas,Polk,PolkTexas,112,44.6666666666667,31.3333333333333,1,1
Texas,Potter,PotterTexas,161,52.8333333333333,23.3333333333333,2,2
Texas,Randall,RandallTexas,112,61,41.8333333333333,2,2
Texas,Rockwall,RockwallTexas,140,51.8333333333333,34.5,2,2
Texas,Smith,SmithTexas,133,51,35,1,1
Texas,Tarrant,TarrantTexas,174,75.5,43.8333333333333,3,3
Texas,Travis,TravisTexas,150,65.8333333333333,43.5,2,2
Texas,Victoria,VictoriaTexas,112,45.8333333333333,31.1666666666667,1,1
Utah,Cache,CacheUtah,167,67.3333333333333,43.5,3,3
Utah,Carbon,CarbonUtah,115,66.6666666666667,45.1666666666667,1,2
Utah,Davis,DavisUtah,151,77.3333333333333,43.8333333333333,2,2
Utah,Duchesne,DuchesneUtah,177,68,45.5,3,3
Utah,Salt Lake,Salt LakeUtah,169,92.1666666666667,53.1666666666667,3,3
Utah,San Juan,San JuanUtah,119,62.5,43.8333333333333,1,2
Utah,Tooele,TooeleUtah,166,67.1666666666667,39.6666666666667,2,2
Utah,Uintah,UintahUtah,216,75,48.1666666666667,3,3
Utah,Utah,UtahUtah,166,82.5,46.6666666666667,3,3
Vermont,Bennington,BenningtonVermont,112,49,35.6666666666667,1,1
Vermont,Chittenden,ChittendenVermont,100,49.8333333333333,36.3333333333333,1,1
Vermont,Rutland,RutlandVermont,121,58.1666666666667,34,1,1
Virginia,Albemarle,AlbemarleVirginia,122,50.8333333333333,36.6666666666667,1,1
Virginia,Arlington,ArlingtonVirginia,154,60.1666666666667,37.1666666666667,2,2
Virginia,Caroline,CarolineVirginia,112,49.6666666666667,38.6666666666667,1,1
Virginia,Chesterfield,ChesterfieldVirginia,115,52.1666666666667,37.8333333333333,1,1
Virginia,Fairfax,FairfaxVirginia,129,60.5,41.3333333333333,2,2
Virginia,Fauquier,FauquierVirginia,93,46.8333333333333,35.3333333333333,1,1
Virginia,Frederick,FrederickVirginia,96,54.6666666666667,37.6666666666667,1,1
Virginia,Giles,GilesVirginia,200,66.6666666666667,39.8333333333333,3,3
Virginia,Hanover,HanoverVirginia,105,54,40.1666666666667,1,1
Virginia,Henrico,HenricoVirginia,154,54.8333333333333,38.1666666666667,1,1
Virginia,Loudoun,LoudounVirginia,115,55.1666666666667,36,1,1
Virginia,Madison,MadisonVirginia,108,51.1666666666667,40.8333333333333,1,1
Virginia,Prince Edward,Prince EdwardVirginia,105,45.8333333333333,34,1,1
Virginia,Prince William,Prince WilliamVirginia,119,49.1666666666667,32.1666666666667,1,1
Virginia,Richmond City,Richmond CityVirginia,95,50.8333333333333,31.1666666666667,1,1
Virginia,Roanoke,RoanokeVirginia,108,52.6666666666667,37.5,1,1
Virginia,Rockbridge,RockbridgeVirginia,90,47.3333333333333,35.1666666666667,1,1
Virginia,Rockingham,RockinghamVirginia,108,49.3333333333333,34.6666666666667,1,1
Virginia,Stafford,StaffordVirginia,112,51.6666666666667,38.6666666666667,1,1
Virginia,Wythe,WytheVirginia,100,49.8333333333333,40,1,1
Washington,Adams,AdamsWashington,190,38.1666666666667,14.6666666666667,3,3
Washington,Asotin,AsotinWashington,249,60.5,27.1666666666667,3,3
Washington,Benton,BentonWashington,485,58.1666666666667,31.1666666666667,3,3
Washington,Chelan,ChelanWashington,426,61.3333333333333,25.1666666666667,3,3
Washington,Clallam,ClallamWashington,205,53.3333333333333,37.1666666666667,3,3
Washington,Clark,ClarkWashington,158,58.6666666666667,31.1666666666667,3,3
Washington,Columbia,ColumbiaWashington,181,41.3333333333333,16.6666666666667,2,3
Washington,Cowlitz,CowlitzWashington,155,44,19.3333333333333,1,1
Washington,Franklin,FranklinWashington,190,43.5,17.6666666666667,3,3
Washington,Grant,GrantWashington,248,48.6666666666667,20,3,3
Washington,Grays Harbor,Grays HarborWashington,163,38.6666666666667,20.8333333333333,1,1
Washington,Jefferson,JeffersonWashington,176,35.6666666666667,19,1,1
Washington,King,KingWashington,202,66.1666666666667,41,3,3
Washington,Kitsap,KitsapWashington,172,32.8333333333333,16,1,1
Washington,Kittitas,KittitasWashington,216,58.8333333333333,21,3,3
Washington,Lewis,LewisWashington,167,45,20.8333333333333,1,3
Washington,Mason,MasonWashington,164,44.3333333333333,20.5,1,1
Washington,Okanogan,OkanoganWashington,490,73.1666666666667,35.8333333333333,3,3
Washington,Pierce,PierceWashington,178,64.8333333333333,41.1666666666667,3,3
Washington,Skagit,SkagitWashington,180,42.6666666666667,30.6666666666667,1,1
Washington,Snohomish,SnohomishWashington,177,66.6666666666667,26.8333333333333,3,3
Washington,Spokane,SpokaneWashington,257,64,38.3333333333333,3,3
Washington,Stevens,StevensWashington,197,66.1666666666667,30.3333333333333,3,3
Washington,Thurston,ThurstonWashington,173,52,28.8333333333333,1,3
Washington,Walla Walla,Walla WallaWashington,217,50,18.8333333333333,3,3
Washington,Whatcom,WhatcomWashington,182,60.1666666666667,32.5,3,3
Washington,Whitman,WhitmanWashington,192,44,18.1666666666667,3,3
Washington,Yakima,YakimaWashington,283,78.8333333333333,35.5,3,3
West Virginia,Berkeley,BerkeleyWest Virginia,127,56.3333333333333,40.3333333333333,1,1
West Virginia,Brooke,BrookeWest Virginia,138,54,21,2,2
West Virginia,Cabell,CabellWest Virginia,129,53.1666666666667,36.1666666666667,1,1
West Virginia,Gilmer,GilmerWest Virginia,105,43.8333333333333,31,1,1
West Virginia,Greenbrier,GreenbrierWest Virginia,100,49.3333333333333,39.5,1,1
West Virginia,Hancock,HancockWest Virginia,112,54.6666666666667,35,1,1
West Virginia,Kanawha,KanawhaWest Virginia,162,56.3333333333333,38.1666666666667,1,1
West Virginia,Marshall,MarshallWest Virginia,93,57.8333333333333,32.5,1,2
West Virginia,Monongalia,MonongaliaWest Virginia,133,50.1666666666667,33.6666666666667,1,1
West Virginia,Ohio,OhioWest Virginia,120,58,41.5,1,2
West Virginia,Tucker,TuckerWest Virginia,115,47.6666666666667,35.5,1,1
West Virginia,Wood,WoodWest Virginia,129,52.3333333333333,35.1666666666667,1,1
Wisconsin,Ashland,AshlandWisconsin,87,44.6666666666667,33.1666666666667,1,1
Wisconsin,Brown,BrownWisconsin,122,57.6666666666667,36.8333333333333,2,2
Wisconsin,Columbia,ColumbiaWisconsin,122,51.8333333333333,38.8333333333333,1,1
Wisconsin,Dane,DaneWisconsin,112,60.8333333333333,39.1666666666667,1,2
Wisconsin,Dodge,DodgeWisconsin,148,58.3333333333333,38.6666666666667,2,2
Wisconsin,Door,DoorWisconsin,150,57.1666666666667,37.3333333333333,2,2
Wisconsin,Eau Claire,Eau ClaireWisconsin,129,53.8333333333333,35.8333333333333,1,1
Wisconsin,Fond du Lac,Fond du LacWisconsin,108,54.1666666666667,38.3333333333333,1,1
Wisconsin,Forest,ForestWisconsin,102,48,34.6666666666667,1,1
Wisconsin,Grant,GrantWisconsin,109,54.1666666666667,28.8333333333333,1,1
Wisconsin,Jefferson,JeffersonWisconsin,126,57.1666666666667,39.5,2,2
Wisconsin,Kenosha,KenoshaWisconsin,166,68.6666666666667,41,3,3
Wisconsin,Kewaunee,KewauneeWisconsin,151,57.1666666666667,38.8333333333333,2,2
Wisconsin,La Crosse,La CrosseWisconsin,98,55,36.1666666666667,1,1
Wisconsin,Manitowoc,ManitowocWisconsin,169,57.8333333333333,37.8333333333333,2,2
Wisconsin,Marathon,MarathonWisconsin,101,49,36.3333333333333,1,1
Wisconsin,Milwaukee,MilwaukeeWisconsin,185,67.3333333333333,41.6666666666667,2,2
Wisconsin,Oneida,OneidaWisconsin,159,53.3333333333333,1.5,2,2
Wisconsin,Outagamie,OutagamieWisconsin,132,60.6666666666667,37.6666666666667,2,2
Wisconsin,Ozaukee,OzaukeeWisconsin,172,61.1666666666667,36.8333333333333,2,2
Wisconsin,Rock,RockWisconsin,133,57,39.5,2,2
Wisconsin,Sauk,SaukWisconsin,122,54.3333333333333,35.6666666666667,1,1
Wisconsin,Sheboygan,SheboyganWisconsin,185,72.3333333333333,40.3333333333333,3,3
Wisconsin,Taylor,TaylorWisconsin,120,51.1666666666667,35.1666666666667,1,1
Wisconsin,Vilas,VilasWisconsin,112,47,32.5,1,1
Wisconsin,Walworth,WalworthWisconsin,140,56.1666666666667,39,2,2
Wisconsin,Waukesha,WaukeshaWisconsin,122,61.5,39.8333333333333,1,2
Wyoming,Albany,AlbanyWyoming,153,66.1666666666667,46.6666666666667,1,2
Wyoming,Big Horn,Big HornWyoming,84,48.5,38,1,1
Wyoming,Campbell,CampbellWyoming,198,62.5,42.8333333333333,3,3
Wyoming,Carbon,CarbonWyoming,200,53.6666666666667,42.5,1,1
Wyoming,Converse,ConverseWyoming,173,55.3333333333333,41.5,1,1
Wyoming,Fremont,FremontWyoming,148,61,45.3333333333333,1,2
Wyoming,Laramie,LaramieWyoming,160,59.8333333333333,43.1666666666667,1,1
Wyoming,Lincoln,LincolnWyoming,208,33.8333333333333,13.6666666666667,1,1
Wyoming,Natrona,NatronaWyoming,137,53.3333333333333,41.8333333333333,1,1
Wyoming,Sheridan,SheridanWyoming,155,55.5,40,1,1
Wyoming,Sublette,SubletteWyoming,200,66,45.6666666666667,2,2
Wyoming,Sweetwater,SweetwaterWyoming,264,67.8333333333333,45.6666666666667,3,3
Wyoming,Teton,TetonWyoming,118,53.8333333333333,42.6666666666667,1,1
Wyoming,Uinta,UintaWyoming,696,54.3333333333333,42.8333333333333,1,1
Wyoming,Weston,WestonWyoming,101,50.8333333333333,40.1666666666667,1,1
