date, pm25, pm10, o3, no2, so2, co, aqi
2020/6/2, 21, 19, 10, 2, , , 
2020/6/3, 15, 26, 10, 3, , , 
2020/6/4, 29, 38, 7, 7, , , 
2020/6/5, 49, 35, 6, 7, , , 
2020/6/6, 46, 38, 8, 6, , , 
2020/6/7, 67, 27, 10, 3, , , 
2020/6/8, 45, 26, 10, 6, , , 
2020/6/9, 44, 34, 6, 8, , , 
2020/6/10, 48, 37, 5, 8, , , 
2020/6/11, 48, 38, 8, 8, , , 
2020/6/12, 57, , , , , , 
2020/5/2, 17, 20, 11, 1, , , 
2020/5/3, 12, 25, 11, 2, , , 
2020/5/4, 27, 22, 9, 7, , , 
2020/5/5, 27, 27, 8, 5, , , 
2020/5/6, 29, 27, 7, 5, , , 
2020/5/7, 18, 43, 10, 2, , , 
2020/5/8, 31, 23, 10, 1, , , 
2020/5/9, 16, 21, 11, 1, , , 
2020/5/10, 17, 22, 8, 4, , , 
2020/5/11, 27, 22, 7, 6, , , 
2020/5/12, 23, 21, 8, 3, , , 
2020/5/13, 19, 18, 9, 3, , , 
2020/5/14, 15, 18, 10, 4, , , 
2020/5/15, 19, 29, 9, 7, , , 
2020/5/16, 34, 28, 8, 6, , , 
2020/5/17, 44, 32, 10, 6, , , 
2020/5/18, 54, 25, 9, 6, , , 
2020/5/19, 22, 26, 11, 2, , , 
2020/5/20, 16, 25, 11, 1, , , 
2020/5/21, 17, 23, 9, 3, , , 
2020/5/22, 21, 20, 9, 5, , , 
2020/5/23, 24, 15, 9, 1, , , 
2020/5/24, 10, 16, 11, 1, , , 
2020/5/25, 16, 25, 8, 5, , , 
2020/5/26, 30, 26, 7, 5, , , 
2020/5/27, 28, 24, 7, 4, , , 
2020/5/28, 22, 25, 9, 6, , , 
2020/5/29, 34, 23, 7, 7, , , 
2020/5/30, 32, 54, 10, 2, , , 
2020/5/31, 24, 21, 10, 1, , , 
2020/6/1, 16, 24, 11, 1, , , 
2020/4/2, 13, 24, 9, 5, , , 
2020/4/3, 19, 31, 9, 4, , , 
2020/4/4, 21, 24, 9, , , , 
2020/4/5, 23, 20, 9, , , , 
2020/4/7, 12, 18, 8, 2, , , 
2020/4/8, 9, 17, 9, 2, , , 
2020/4/9, 13, 21, 9, 3, , , 
2020/4/10, 17, 21, 10, 3, , , 
2020/4/11, 24, 30, 9, 1, , , 
2020/4/12, 29, 29, 10, 1, , , 
2020/4/13, 27, 28, 10, 4, , , 
2020/4/14, 32, 32, 8, 7, , , 
2020/4/15, 24, 34, 9, 5, , , 
2020/4/16, 15, 30, 10, 1, , , 
2020/4/17, 24, 17, 9, 1, , , 
2020/4/18, 12, 12, 8, 2, , , 
2020/4/19, 12, 16, 7, 3, , , 
2020/4/20, 12, 40, 10, 1, , , 
2020/4/21, 34, 38, 9, 4, , , 
2020/4/22, 32, 32, 9, 5, , , 
2020/4/23, 30, 22, 8, 6, , , 
2020/4/24, 25, 27, 8, 3, , , 
2020/4/25, 29, 19, 6, 4, , , 
2020/4/26, 22, 20, 9, 1, , , 
2020/4/27, 18, 25, 10, 5, , , 
2020/4/28, 25, 20, 5, 4, , , 
2020/4/29, 16, 17, 9, 2, , , 
2020/4/30, 13, 19, 11, 2, , , 
2020/5/1, 17, 22, 10, 1, , , 
2020/3/2, 10, 25, 10, , , , 
2020/3/3, 17, 25, 8, 1, , , 
2020/3/4, 19, 24, 11, 3, , , 
2020/3/5, 24, 26, 10, 1, , , 
2020/3/6, 25, 19, 8, 1, , , 
2020/3/7, 16, 17, 10, 1, , , 
2020/3/8, 9, 20, 8, 1, , , 
2020/3/9, 13, 18, 9, 1, , , 
2020/3/10, 14, 26, 15, 3, , , 
2020/3/11, 15, 37, 13, 6, , , 
2020/3/12, 25, 27, 10, 4, , , 
2020/3/13, 13, 32, 9, 1, , , 
2020/3/14, 30, 29, 7, , , , 
2020/3/15, 19, 19, 7, , , , 
2020/3/16, 11, 23, 11, 3, , , 
2020/3/17, 11, 31, 10, 4, , , 
2020/3/18, 11, 34, 10, 5, , , 
2020/3/19, 13, 33, 10, 3, , , 
2020/3/20, 13, 25, 8, , , , 
2020/3/21, 17, 21, 9, 2, , , 
2020/3/22, 12, 16, 8, , , , 
2020/3/23, 9, 25, 9, 1, , , 
2020/3/24, 16, 25, 9, 3, , , 
2020/3/25, 15, 20, 8, , , , 
2020/3/26, 13, 26, 9, 3, , , 
2020/3/27, 11, 31, 9, 6, , , 
2020/3/28, 23, 24, 12, 5, , , 
2020/3/29, 14, 24, 9, 1, , , 
2020/3/30, 17, 21, 9, 1, , , 
2020/3/31, 11, 25, 9, 3, , , 
2020/4/1, 16, 24, 8, 3, , , 
2020/2/2, 9, 21, 7, , , , 40
2020/2/3, 14, 23, 8, , , , 49
2020/2/4, 18, 26, 10, 1, , , 54
2020/2/5, 17, 26, 11, 2, , , 60
2020/2/6, 17, 28, 15, 2, , , 58
2020/2/7, 23, 36, 16, 3, , , 69
2020/2/8, 33, 46, 25, 1, , , 96
2020/2/9, 68, 46, 14, 1, , , 129
2020/2/10, 34, 41, 16, 3, , , 92
2020/2/11, 45, 29, 11, 2, , , 73
2020/2/12, 31, 14, 8, 1, , , 46
2020/2/13, 11, 19, 11, 2, , , 35
2020/2/14, 12, 14, 8, 1, , , 37
2020/2/15, 10, 12, 6, , , , 26
2020/2/16, 9, 19, 8, 1, , , 33
2020/2/17, 13, 26, 12, 5, , , 50
2020/2/18, 23, 30, 8, 1, , , 56
2020/2/19, 24, 30, 7, 1, , , 73
2020/2/20, 23, 24, 8, 2, , , 59
2020/2/21, 17, 19, 7, 1, , , 44
2020/2/22, 15, 21, 10, 2, , , 46
2020/2/23, 15, 19, 12, 3, , , 43
2020/2/24, 15, 44, 14, 5, , , 77
2020/2/25, 30, 30, 9, 4, , , 99
2020/2/26, 24, 22, 8, 1, , , 49
2020/2/27, 16, 26, 8, 1, , , 55
2020/2/28, 15, 17, 8, 1, , , 45
2020/2/29, 10, 18, 10, 2, , , 37
2020/3/1, 9, 21, 8, 3, , , 44
2020/1/2, 67, 31, 17, 2, , , 80
2020/1/3, 50, 42, 16, 2, , , 81
2020/1/4, 53, 40, 12, , , , 98
2020/1/5, 38, 20, 7, 1, , , 62
2020/1/6, 18, 28, 10, 1, , , 
2020/1/7, 23, 41, 24, 2, , , 
2020/1/8, 62, 41, 25, 2, , , 
2020/1/9, 69, 56, 28, 4, , , 
2020/1/10, 60, 51, 16, 1, , , 
2020/1/11, 77, 28, 8, 1, , , 
2020/1/12, 27, 22, 9, 1, , , 
2020/1/13, 20, 23, 12, 4, , , 
2020/1/14, 22, 27, 15, 4, , , 
2020/1/16, 46, 25, 8, 1, , , 
2020/1/17, 22, 30, 7, 1, , , 
2020/1/18, 24, , , , , , 
2020/1/21, 23, 24, 12, 3, , , 
2020/1/22, 23, 31, 8, 2, , , 
2020/1/23, 22, 26, 8, , , , 
2020/1/24, 16, 28, 7, 1, , , 
2020/1/25, 21, 18, 6, 2, , , 
2020/1/26, 11, 14, 5, 1, , , 
2020/1/27, 9, 17, 9, 1, , , 
2020/1/28, 11, 23, 11, 3, , , 
2020/1/29, 16, 29, 15, 7, , , 
2020/1/30, 20, 30, 14, 5, , , 
2020/1/31, 14, 47, 12, 3, , , 
2020/2/1, 35, 15, 7, 1, , , 55
2019/10/2, 5, 16, , , , , 
2019/10/3, 8, 14, , , , , 
2019/10/4, 7, 16, , , , , 
2019/10/5, 7, 21, , , , , 
2019/10/6, 8, 24, , , , , 
2019/10/7, 15, 8, , , , , 
2019/10/8, 6, 9, , , , , 
2019/10/9, 6, 6, , , , , 
2019/10/10, 5, 4, , , , , 
2019/10/11, 5, 4, , , , , 
2019/10/12, 4, 4, , , , , 
2019/10/13, 5, 5, , , , , 
2019/10/14, 5, 10, , , , , 
2019/10/15, 8, 9, , , , , 
2019/10/16, 5, 10, , , , , 
2019/10/17, 4, 14, , , , , 
2019/10/18, 5, 16, , , , , 
2019/10/19, 7, 12, , , , , 
2019/10/20, 4, 14, , , , , 
2019/10/21, 6, 15, , , , , 
2019/10/22, 6, 14, , , , , 
2019/10/23, 5, 13, , , , , 
2019/10/24, 5, 19, , , , , 
2019/10/25, 7, 23, , , , , 
2019/10/26, 7, 15, , , , , 
2019/10/27, 7, 9, , , , , 
2019/10/28, 3, 10, , , , , 
2019/10/29, 4, 13, , , , , 
2019/10/30, 4, 15, , , , , 
2019/10/31, 7, 21, , , , , 
2019/11/1, 4, 28, , , , , 
2019/11/2, 9, , , , , , 
2019/11/5, 5, 13, , , , , 
2019/11/6, 6, 18, , , , , 
2019/11/7, 8, 16, , , , , 
2019/11/8, 5, 12, , , , , 
2019/11/9, 5, 11, , , , , 
2019/11/10, 4, 10, , , , , 
2019/11/11, 5, 17, , , , , 
2019/11/12, 4, 14, , , , , 
2019/11/13, 7, 11, , , , , 
2019/11/14, 5, 9, , , , , 
2019/11/15, 4, 10, , , , , 
2019/11/16, 4, 13, , , , , 
2019/11/17, 7, 11, , , , , 
2019/11/18, 5, 14, , , , , 
2019/11/19, 6, 16, , , , , 
2019/11/20, 8, 34, , , , , 
2019/11/21, 9, 27, , , , , 
2019/11/22, 15, 11, , , , , 
2019/11/23, 5, 12, , , , , 
2019/11/24, 6, 11, , , , , 
2019/11/25, 6, 17, , , , , 
2019/11/26, 6, 15, , , , , 
2019/11/27, 6, 15, , , , , 
2019/11/28, 5, 14, , , , , 
2019/11/29, 6, 10, , , , , 
2019/11/30, 5, 10, , , , , 
2019/12/1, 5, 11, , , , , 
2019/12/2, 5, 12, , , , , 
2019/12/3, 6, 13, , , , , 
2019/12/4, 7, 14, , , , , 
2019/12/5, 5, 12, , , , , 
2019/12/6, 5, 12, , , , , 
2019/12/7, 6, 13, , , , , 
2019/12/8, 6, 13, , , , , 
2019/12/9, 5, 16, , , , , 
2019/12/10, 9, 9, , , , , 
2019/12/11, 4, 11, , , , , 
2019/12/12, 5, 10, , , , , 
2019/12/13, 4, 9, , , , , 
2019/12/14, 3, 9, , , , , 
2019/12/15, 4, 10, , , , , 
2019/12/16, 4, 12, , , , , 
2019/12/17, 5, 15, , , , , 
2019/12/18, 7, 13, , , , , 
2019/12/19, 5, 18, , , , , 
2019/12/20, 8, 47, , , , , 
2019/12/21, 21, 15, , , , , 
2019/12/22, 8, 24, , , , , 
2019/12/23, 26, 37, , , , , 
2019/12/24, 46, 22, , , , , 
2019/12/25, 21, 12, , , , , 
2019/12/26, 8, 14, , , , , 
2019/12/27, 11, 17, , , , , 
2019/12/28, 9, 25, 16, 1, , , 
2019/12/29, 28, 24, 17, 3, , , 
2019/12/30, 20, , , , , , 
2019/7/2, 5, 13, , , , , 
2019/7/3, 10, 12, , , , , 
2019/7/4, 10, 11, , , , , 
2019/7/5, 9, 12, , , , , 
2019/7/6, 9, 8, , , , , 
2019/7/7, 3, 9, , , , , 
2019/7/8, 5, 13, , , , , 
2019/7/9, 11, 10, , , , , 
2019/7/10, 7, 13, , , , , 
2019/7/11, 6, 16, , , , , 
2019/7/12, 8, 15, , , , , 
2019/7/13, 7, 11, , , , , 
2019/7/14, 5, 9, , , , , 
2019/7/15, 4, 7, , , , , 
2019/7/16, 4, 7, , , , , 
2019/7/17, 4, 9, , , , , 
2019/7/18, 5, 10, , , , , 
2019/7/19, 6, 10, , , , , 
2019/7/20, 7, 17, , , , , 
2019/7/21, 6, 14, , , , , 
2019/7/22, 8, 10, , , , , 
2019/7/23, 4, 12, , , , , 
2019/7/24, 7, 9, , , , , 
2019/7/25, 6, 9, , , , , 
2019/7/26, 5, 10, , , , , 
2019/7/27, 7, 11, , , , , 
2019/7/28, 11, 10, , , , , 
2019/7/29, 10, 8, , , , , 
2019/7/30, 6, 10, , , , , 
2019/7/31, 7, 8, , , , , 
2019/8/1, 5, 7, , , , , 
2019/8/2, 6, 10, , , , , 
2019/8/3, 9, 9, , , , , 
2019/8/4, 9, 10, , , , , 
2019/8/5, 9, 10, , , , , 
2019/8/6, 6, 13, , , , , 
2019/8/7, 7, 13, , , , , 
2019/8/8, 11, 15, , , , , 
2019/8/9, 8, 14, , , , , 
2019/8/10, 8, 12, , , , , 
2019/8/11, 5, 12, , , , , 
2019/8/12, 7, 14, , , , , 
2019/8/13, 10, 13, , , , , 
2019/8/14, 8, 12, , , , , 
2019/8/15, 6, 12, , , , , 
2019/8/16, 4, 10, , , , , 
2019/8/17, 5, 9, , , , , 
2019/8/18, 15, 11, , , , , 
2019/8/20, 5, 11, , , , , 
2019/8/21, 5, 13, , , , , 
2019/8/22, 6, 10, , , , , 
2019/8/23, 5, 12, , , , , 
2019/8/24, 7, 12, , , , , 
2019/8/25, 6, 10, , , , , 
2019/8/26, 8, 12, , , , , 
2019/8/27, 10, 10, , , , , 
2019/8/28, 7, 13, , , , , 
2019/8/29, 7, 13, , , , , 
2019/8/30, 9, 12, , , , , 
2019/8/31, 8, 14, , , , , 
2019/9/1, 6, 12, , , , , 
2019/9/2, 8, 13, , , , , 
2019/9/3, 6, 13, , , , , 
2019/9/4, 10, 12, , , , , 
2019/9/5, 9, 15, , , , , 
2019/9/6, 9, 14, , , , , 
2019/9/7, 6, 10, , , , , 
2019/9/8, 3, 12, , , , , 
2019/9/9, 7, 15, , , , , 
2019/9/10, 9, 16, , , , , 
2019/9/11, 9, 14, , , , , 
2019/9/14, 4, 13, , , , , 
2019/9/15, 10, 12, , , , , 
2019/9/16, 4, 12, , , , , 
2019/9/17, 6, 11, , , , , 
2019/9/18, 5, 10, , , , , 
2019/9/19, 5, 28, , , , , 
2019/9/20, 8, 22, , , , , 
2019/9/21, 10, 9, , , , , 
2019/9/22, 3, 9, , , , , 
2019/9/23, 3, 10, , , , , 
2019/9/24, 3, 9, , , , , 
2019/9/25, 4, 11, , , , , 
2019/9/26, 5, 11, , , , , 
2019/9/27, 6, 13, , , , , 
2019/9/28, 5, 13, , , , , 
2019/9/29, 7, 11, , , , , 
2019/9/30, 4, 10, , , , , 
2019/10/1, 3, 12, , , , , 
2019/4/2, 5, 11, , , , , 
2019/4/3, 5, 14, , , , , 
2019/4/4, 6, 14, , , , , 
2019/4/5, 5, 35, , , , , 
2019/4/6, 8, 12, , , , , 
2019/4/7, 6, 13, , , , , 
2019/4/8, 7, 14, , , , , 
2019/4/9, 6, 11, , , , , 
2019/4/10, 5, 9, , , , , 
2019/4/11, 3, 11, , , , , 
2019/4/12, 6, 12, , , , , 
2019/4/13, 5, 14, , , , , 
2019/4/14, 9, 10, , , , , 
2019/4/15, 6, 18, , , , , 
2019/4/16, 6, 18, , , , , 
2019/4/17, 5, 19, , , , , 
2019/4/18, 7, , , , , , 
2019/4/28, 9, 11, , , , , 
2019/4/29, 7, 13, , , , , 
2019/4/30, 7, 26, , , , , 
2019/5/1, 7, 8, , , , , 
2019/5/2, 5, 8, , , , , 
2019/5/3, 5, 9, , , , , 
2019/5/4, 6, 7, , , , , 
2019/5/5, 4, 9, , , , , 
2019/5/6, 5, 15, , , , , 
2019/5/7, 11, 12, , , , , 
2019/5/8, 7, 11, , , , , 
2019/5/9, 6, 8, , , , , 
2019/5/10, 4, 9, , , , , 
2019/5/11, 5, , , , , , 
2019/5/14, 11, 11, , , , , 
2019/5/15, 8, 15, , , , , 
2019/5/16, 12, 14, , , , , 
2019/5/17, 9, 13, , , , , 
2019/5/18, 7, 10, , , , , 
2019/5/19, 6, 10, , , , , 
2019/5/20, 6, 10, , , , , 
2019/5/21, 6, 11, , , , , 
2019/5/22, 7, 15, , , , , 
2019/5/23, 11, 15, , , , , 
2019/5/24, 13, 12, , , , , 
2019/5/25, 7, 11, , , , , 
2019/5/26, 6, 10, , , , , 
2019/5/27, 6, 13, , , , , 
2019/5/28, 7, 10, , , , , 
2019/5/29, 5, 12, , , , , 
2019/5/30, 8, 12, , , , , 
2019/5/31, 7, 8, , , , , 
2019/6/1, 5, 8, , , , , 
2019/6/2, 6, 8, , , , , 
2019/6/3, 5, 10, , , , , 
2019/6/4, 5, 8, , , , , 
2019/6/5, 6, 10, , , , , 
2019/6/6, 6, 9, , , , , 
2019/6/7, 7, 13, , , , , 
2019/6/8, 12, 11, , , , , 
2019/6/9, 9, 9, , , , , 
2019/6/10, 5, 13, , , , , 
2019/6/11, 9, 13, , , , , 
2019/6/12, 6, 10, , , , , 
2019/6/13, 7, 13, , , , , 
2019/6/14, 9, 10, , , , , 
2019/6/15, 4, 10, , , , , 
2019/6/16, 6, 10, , , , , 
2019/6/17, 9, 10, , , , , 
2019/6/18, 6, 11, , , , , 
2019/6/19, 7, 14, , , , , 
2019/6/20, 9, 11, , , , , 
2019/6/21, 7, , , , , , 
2019/6/25, 6, 11, , , , , 
2019/6/26, 7, 12, , , , , 
2019/6/27, 8, 12, , , , , 
2019/6/28, 5, 11, , , , , 
2019/6/29, 2, 10, , , , , 
2019/6/30, 4, 10, , , , , 
2019/7/1, 4, 10, , , , , 
2019/1/2, 6, 9, , , , , 
2019/1/3, 5, 12, , , , , 
2019/1/4, 6, 19, , , , , 
2019/1/5, 11, 12, , , , , 
2019/1/6, 6, 10, , , , , 
2019/1/7, 6, 10, , , , , 
2019/1/8, 6, 9, , , , , 
2019/1/9, 5, 12, , , , , 
2019/1/10, 5, 13, , , , , 
2019/1/11, 6, 17, , , , , 
2019/1/12, 6, 17, , , , , 
2019/1/13, 9, 11, , , , , 
2019/1/14, 7, 17, , , , , 
2019/1/15, 9, 16, , , , , 
2019/1/16, 7, 22, , , , , 
2019/1/17, 9, 18, , , , , 
2019/1/18, 11, 12, , , , , 
2019/1/19, 10, 12, , , , , 
2019/1/20, 8, 10, , , , , 
2019/1/21, 6, 13, , , , , 
2019/1/22, 7, 16, , , , , 
2019/1/23, 8, 16, , , , , 
2019/1/24, 8, 23, , , , , 
2019/1/25, 8, 19, , , , , 
2019/1/26, 12, 11, , , , , 
2019/1/30, 5, 17, , , , , 
2019/1/31, 7, 13, , , , , 
2019/2/1, 6, 16, , , , , 
2019/2/2, 5, 18, , , , , 
2019/2/3, 8, 19, , , , , 
2019/2/4, 9, 13, , , , , 
2019/2/5, 6, 10, , , , , 
2019/2/6, 5, 10, , , , , 
2019/2/7, 14, 9, , , , , 
2019/2/8, 13, 8, , , , , 
2019/2/9, 5, 9, , , , , 
2019/2/10, 7, 7, , , , , 
2019/2/11, 7, 6, , , , , 
2019/2/12, 5, 9, , , , , 
2019/2/13, 7, 9, , , , , 
2019/2/14, 6, 7, , , , , 
2019/2/15, 5, 7, , , , , 
2019/2/16, 6, 6, , , , , 
2019/2/17, 4, 5, , , , , 
2019/2/18, 5, 10, , , , , 
2019/2/19, 7, 9, , , , , 
2019/2/20, 6, 5, , , , , 
2019/2/21, 3, 7, , , , , 
2019/2/22, 5, 10, , , , , 
2019/2/23, 8, 7, , , , , 
2019/2/24, 5, 6, , , , , 
2019/2/25, 4, 13, , , , , 
2019/2/26, 5, 16, , , , , 
2019/2/27, 8, 16, , , , , 
2019/2/28, 9, 19, , , , , 
2019/3/1, 10, 25, , , , , 
2019/3/2, 8, 22, , , , , 
2019/3/3, 7, 21, , , , , 
2019/3/4, 11, 16, , , , , 
2019/3/5, 6, 10, , , , , 
2019/3/6, 4, 13, , , , , 
2019/3/7, 5, 15, , , , , 
2019/3/8, 5, 15, , , , , 
2019/3/9, 6, 8, , , , , 
2019/3/10, 4, 8, , , , , 
2019/3/11, 4, 8, , , , , 
2019/3/12, 4, 13, , , , , 
2019/3/13, 7, 14, , , , , 
2019/3/14, 7, 14, , , , , 
2019/3/15, 6, 10, , , , , 
2019/3/16, 4, 9, , , , , 
2019/3/17, 5, 13, , , , , 
2019/3/18, 9, 16, , , , , 
2019/3/19, 11, 18, , , , , 
2019/3/20, 12, 16, , , , , 
2019/3/21, 13, 11, , , , , 
2019/3/22, 9, 12, , , , , 
2019/3/23, 6, 9, , , , , 
2019/3/24, 7, 18, , , , , 
2019/3/25, 9, 15, , , , , 
2019/3/26, 11, 11, , , , , 
2019/3/27, 8, 10, , , , , 
2019/3/28, 9, 13, , , , , 
2019/3/29, 9, 13, , , , , 
2019/3/30, 7, 8, , , , , 
2019/3/31, 5, 9, , , , , 
2019/4/1, 5, 8, , , , , 
2018/10/2, 6, 14, , , , , 
2018/10/3, 7, 11, , , , , 
2018/10/4, 8, 10, , , , , 
2018/10/5, 6, 15, , , , , 
2018/10/6, 12, 13, , , , , 
2018/10/7, 11, 18, , , , , 
2018/10/8, 24, , , , , , 
2018/10/13, 4, 10, , , , , 
2018/10/14, 5, 12, , , , , 
2018/10/15, 5, 19, , , , , 
2018/10/16, 7, 8, , , , , 
2018/10/17, 6, 10, , , , , 
2018/10/18, 6, 9, , , , , 
2018/10/19, 6, 18, , , , , 
2018/10/20, 7, 14, , , , , 
2018/10/21, 9, 10, , , , , 
2018/10/22, 7, 13, , , , , 
2018/10/23, 7, 12, , , , , 
2018/10/24, 7, 12, , , , , 
2018/10/25, 7, 14, , , , , 
2018/10/26, 8, 10, , , , , 
2018/10/27, 6, 8, , , , , 
2018/10/28, 6, 9, , , , , 
2018/10/29, 6, 14, , , , , 
2018/10/30, 8, 13, , , , , 
2018/10/31, 8, 16, , , , , 
2018/11/1, 8, 20, , , , , 
2018/11/2, 7, 16, , , , , 
2018/11/3, 10, 13, , , , , 
2018/11/4, 8, 12, , , , , 
2018/11/5, 7, 10, , , , , 
2018/11/6, 8, 12, , , , , 
2018/11/7, 7, 11, , , , , 
2018/11/8, 5, 10, , , , , 
2018/11/9, 5, 11, , , , , 
2018/11/10, 6, 9, , , , , 
2018/11/11, 6, 10, , , , , 
2018/11/12, 6, 13, , , , , 
2018/11/13, 5, 12, , , , , 
2018/11/14, 6, 7, , , , , 
2018/11/15, 4, 12, , , , , 
2018/11/16, 7, 13, , , , , 
2018/11/17, 6, 9, , , , , 
2018/11/18, 5, 11, , , , , 
2018/11/19, 5, 27, , , , , 
2018/11/20, 7, 11, , , , , 
2018/11/21, 7, 13, , , , , 
2018/11/22, 5, 13, , , , , 
2018/11/23, 7, 10, , , , , 
2018/11/24, 6, 10, , , , , 
2018/11/25, 5, 8, , , , , 
2018/11/26, 4, 8, , , , , 
2018/11/27, 5, 8, , , , , 
2018/11/28, 6, 9, , , , , 
2018/11/29, 5, 7, , , , , 
2018/11/30, 5, 9, , , , , 
2018/12/1, 5, 21, , , , , 
2018/12/2, 7, 15, , , , , 
2018/12/3, 9, 9, , , , , 
2018/12/4, 7, 11, , , , , 
2018/12/5, 8, 13, , , , , 
2018/12/6, 8, 13, , , , , 
2018/12/7, 7, 22, , , , , 
2018/12/8, 11, 8, , , , , 
2018/12/9, 10, 9, , , , , 
2018/12/10, 11, 9, , , , , 
2018/12/11, 8, 13, , , , , 
2018/12/12, 8, 15, , , , , 
2018/12/13, 8, 14, , , , , 
2018/12/14, 8, 9, , , , , 
2018/12/15, 6, 9, , , , , 
2018/12/16, 8, 6, , , , , 
2018/12/17, 5, 6, , , , , 
2018/12/18, 4, 9, , , , , 
2018/12/19, 6, 8, , , , , 
2018/12/20, 5, 9, , , , , 
2018/12/21, 6, 9, , , , , 
2018/12/22, 5, 8, , , , , 
2018/12/23, 5, 8, , , , , 
2018/12/24, 4, 11, , , , , 
2018/12/25, 5, 10, , , , , 
2018/12/26, 5, 11, , , , , 
2018/12/27, 5, 14, , , , , 
2018/12/28, 6, 13, , , , , 
2018/12/29, 6, 10, , , , , 
2018/12/30, 7, 15, , , , , 
2018/12/31, 10, , , , , , 
2018/7/2, 13, 12, , , , , 
2018/7/3, 9, 14, , , , , 
2018/7/4, 7, 14, , , , , 
2018/7/5, 7, 12, , , , , 
2018/7/6, 6, 14, , , , , 
2018/7/7, 8, 16, , , , , 
2018/7/8, 10, 12, , , , , 
2018/7/9, 9, 8, , , , , 
2018/7/10, 5, 12, , , , , 
2018/7/11, 10, 12, , , , , 
2018/7/12, 10, 11, , , , , 
2018/7/13, 8, 12, , , , , 
2018/7/14, 12, 11, , , , , 
2018/7/15, 8, 10, , , , , 
2018/7/16, 6, 14, , , , , 
2018/7/17, 7, 17, , , , , 
2018/7/18, 8, 15, , , , , 
2018/7/19, 8, 11, , , , , 
2018/7/20, 6, 12, , , , , 
2018/7/21, 8, 10, , , , , 
2018/7/22, 8, 8, , , , , 
2018/7/23, 5, 15, , , , , 
2018/7/24, 7, 15, , , , , 
2018/7/25, 9, 13, , , , , 
2018/7/26, 9, 15, , , , , 
2018/7/27, 10, 15, , , , , 
2018/7/28, 9, 13, , , , , 
2018/7/29, 12, 13, , , , , 
2018/7/30, 6, 11, , , , , 
2018/7/31, 6, 14, , , , , 
2018/8/1, 8, 13, , , , , 
2018/8/2, 8, 22, , , , , 
2018/8/3, 8, 14, , , , , 
2018/8/4, 10, 8, , , , , 
2018/8/5, 5, 8, , , , , 
2018/8/6, 5, 11, , , , , 
2018/8/7, 5, 11, , , , , 
2018/8/8, 5, 16, , , , , 
2018/8/9, 9, 13, , , , , 
2018/8/10, 7, 10, , , , , 
2018/8/11, 5, 11, , , , , 
2018/8/12, 6, 11, , , , , 
2018/8/13, 6, 9, , , , , 
2018/8/14, 6, 10, , , , , 
2018/8/15, 5, 13, , , , , 
2018/8/16, 8, 12, , , , , 
2018/8/17, 7, 9, , , , , 
2018/8/18, 6, 13, , , , , 
2018/8/19, 7, 12, , , , , 
2018/8/20, 8, 12, , , , , 
2018/8/21, 7, 10, , , , , 
2018/8/22, 7, 12, , , , , 
2018/8/23, 6, 11, , , , , 
2018/8/24, 5, 8, , , , , 
2018/8/25, 4, 12, , , , , 
2018/8/26, 8, 13, , , , , 
2018/8/27, 14, 9, , , , , 
2018/8/28, 6, 10, , , , , 
2018/8/29, 5, 14, , , , , 
2018/8/30, 5, 16, , , , , 
2018/8/31, 7, 8, , , , , 
2018/9/1, 5, 7, , , , , 
2018/9/2, 5, 8, , , , , 
2018/9/3, 5, 9, , , , , 
2018/9/4, 6, 9, , , , , 
2018/9/5, 7, 10, , , , , 
2018/9/6, 5, 12, , , , , 
2018/9/7, 7, 12, , , , , 
2018/9/8, 9, 10, , , , , 
2018/9/9, 6, 11, , , , , 
2018/9/10, 7, 14, , , , , 
2018/9/11, 9, 22, , , , , 
2018/9/12, 10, 16, , , , , 
2018/9/13, 10, 13, , , , , 
2018/9/14, 8, 15, , , , , 
2018/9/15, 7, 12, , , , , 
2018/9/16, 7, 10, , , , , 
2018/9/17, 7, 12, , , , , 
2018/9/18, 6, 13, , , , , 
2018/9/19, 7, 11, , , , , 
2018/9/20, 7, 7, , , , , 
2018/9/21, 6, 9, , , , , 
2018/9/22, 8, 10, , , , , 
2018/9/23, 9, 11, , , , , 
2018/9/24, 10, 9, , , , , 
2018/9/25, 5, 11, , , , , 
2018/9/26, 8, 12, , , , , 
2018/9/27, 7, 10, , , , , 
2018/9/28, 7, 11, , , , , 
2018/9/29, 5, 9, , , , , 
2018/9/30, 5, 9, , , , , 
2018/10/1, 7, 10, , , , , 
2018/4/2, 6, 8, , , , , 
2018/4/3, 7, 6, , , , , 
2018/4/4, 4, 9, , , , , 
2018/4/5, 7, 12, , , , , 
2018/4/6, 10, 9, , , , , 
2018/4/7, 5, 11, , , , , 
2018/4/8, 9, 11, , , , , 
2018/4/9, 7, 17, , , , , 
2018/4/10, 6, 15, , , , , 
2018/4/11, 7, 33, , , , , 
2018/4/12, 11, 10, , , , , 
2018/4/13, 6, 15, , , , , 
2018/4/14, 8, 15, , , , , 
2018/4/15, 10, 8, , , , , 
2018/4/16, 6, 7, , , , , 
2018/4/17, 6, 14, , , , , 
2018/4/18, 10, 12, , , , , 
2018/4/19, 10, 10, , , , , 
2018/4/20, 8, 10, , , , , 
2018/4/21, 6, 7, , , , , 
2018/4/22, 6, 8, , , , , 
2018/4/23, 8, 11, , , , , 
2018/4/24, 7, 12, , , , , 
2018/4/25, 9, 9, , , , , 
2018/4/26, 7, 8, , , , , 
2018/4/27, 7, 11, , , , , 
2018/4/28, 9, 11, , , , , 
2018/4/29, 10, 6, , , , , 
2018/4/30, 5, 11, , , , , 
2018/5/1, 10, 18, , , , , 
2018/5/2, 12, 21, , , , , 
2018/5/3, 9, 10, , , , , 
2018/5/4, 7, 14, , , , , 
2018/5/5, 8, 11, , , , , 
2018/5/6, 9, 9, , , , , 
2018/5/7, 8, 14, , , , , 
2018/5/8, 9, 14, , , , , 
2018/5/9, 11, 12, , , , , 
2018/5/10, 13, 11, , , , , 
2018/5/11, 9, 9, , , , , 
2018/5/12, 8, 9, , , , , 
2018/5/13, 7, 6, , , , , 
2018/5/14, 7, 11, , , , , 
2018/5/15, 11, 12, , , , , 
2018/5/16, 10, 11, , , , , 
2018/5/17, 8, 9, , , , , 
2018/5/18, 5, 8, , , , , 
2018/5/19, 8, 10, , , , , 
2018/5/20, 12, 9, , , , , 
2018/5/21, 8, 10, , , , , 
2018/5/22, 6, 11, , , , , 
2018/5/23, 8, 11, , , , , 
2018/5/24, 7, 10, , , , , 
2018/5/25, 9, 13, , , , , 
2018/5/26, 11, 13, , , , , 
2018/5/27, 9, 9, , , , , 
2018/5/28, 6, 9, , , , , 
2018/5/29, 6, 14, , , , , 
2018/5/30, 7, 14, , , , , 
2018/5/31, 7, 14, , , , , 
2018/6/1, 10, 19, , , , , 
2018/6/2, 16, 15, , , , , 
2018/6/3, 13, 16, , , , , 
2018/6/4, 16, 15, , , , , 
2018/6/5, 18, 18, , , , , 
2018/6/6, 17, 12, , , , , 
2018/6/7, 7, 15, , , , , 
2018/6/8, 6, 9, , , , , 
2018/6/9, 7, 11, , , , , 
2018/6/10, 10, 9, , , , , 
2018/6/11, 9, 10, , , , , 
2018/6/12, 5, 14, , , , , 
2018/6/13, 9, 12, , , , , 
2018/6/14, 6, 14, , , , , 
2018/6/15, 7, 14, , , , , 
2018/6/16, 7, 11, , , , , 
2018/6/17, 6, 10, , , , , 
2018/6/18, 6, 10, , , , , 
2018/6/19, 8, 9, , , , , 
2018/6/20, 5, 11, , , , , 
2018/6/21, 10, 18, , , , , 
2018/6/22, 15, 18, , , , , 
2018/6/23, 17, 14, , , , , 
2018/6/24, 14, 13, , , , , 
2018/6/25, 17, 9, , , , , 
2018/6/26, 7, 11, , , , , 
2018/6/27, 9, 18, , , , , 
2018/6/28, 19, 15, , , , , 
2018/6/29, 16, 11, , , , , 
2018/6/30, 6, 13, , , , , 
2018/7/1, 9, 12, , , , , 
2018/1/10, 10, 6, , , , , 
2018/1/11, 10, 11, , , , , 
2018/1/12, 6, 9, , , , , 
2018/1/13, 7, 7, , , , , 
2018/1/14, 6, 7, , , , , 
2018/1/15, 5, 6, , , , , 
2018/1/16, 5, 5, , , , , 
2018/1/17, 7, 7, , , , , 
2018/1/18, 8, 9, , , , , 
2018/1/19, 6, 13, , , , , 
2018/1/20, 6, 12, , , , , 
2018/1/21, 9, 11, , , , , 
2018/1/22, 10, 10, , , , , 
2018/1/23, 8, 7, , , , , 
2018/1/24, 6, 6, , , , , 
2018/1/25, 7, 8, , , , , 
2018/1/26, 9, 9, , , , , 
2018/1/27, 6, 6, , , , , 
2018/1/28, 5, 5, , , , , 
2018/1/29, 8, 9, , , , , 
2018/1/30, 7, 5, , , , , 
2018/1/31, 7, 8, , , , , 
2018/2/1, 7, 9, , , , , 
2018/2/2, 7, 12, , , , , 
2018/2/3, 6, 8, , , , , 
2018/2/4, 6, 9, , , , , 
2018/2/5, 7, 6, , , , , 
2018/2/6, 7, 8, , , , , 
2018/2/7, 7, 8, , , , , 
2018/2/8, 7, 10, , , , , 
2018/2/9, 8, 14, , , , , 
2018/2/10, 7, 13, , , , , 
2018/2/11, 9, 10, , , , , 
2018/2/12, 8, 6, , , , , 
2018/2/13, 6, 5, , , , , 
2018/2/14, 8, 8, , , , , 
2018/2/15, 11, 13, , , , , 
2018/2/16, 11, 14, , , , , 
2018/2/17, 6, 4, , , , , 
2018/2/18, 8, 3, , , , , 
2018/2/19, 8, 3, , , , , 
2018/2/20, 9, 5, , , , , 
2018/2/21, 16, 15, , , , , 
2018/2/22, 14, 13, , , , , 
2018/2/23, 13, 9, , , , , 
2018/2/24, 11, 11, , , , , 
2018/2/25, 10, 4, , , , , 
2018/2/26, 8, 4, , , , , 
2018/2/27, 11, 11, , , , , 
2018/2/28, 10, 12, , , , , 
2018/3/1, 13, 18, , , , , 
2018/3/2, 10, 12, , , , , 
2018/3/3, 10, 12, , , , , 
2018/3/4, 9, 10, , , , , 
2018/3/5, 9, 8, , , , , 
2018/3/6, 10, 11, , , , , 
2018/3/7, 9, 11, , , , , 
2018/3/8, 12, 19, , , , , 
2018/3/9, 9, 17, , , , , 
2018/3/10, 9, 14, , , , , 
2018/3/11, 9, 11, , , , , 
2018/3/12, 13, 13, , , , , 
2018/3/13, 10, 10, , , , , 
2018/3/14, 8, 9, , , , , 
2018/3/15, 9, 10, , , , , 
2018/3/16, 9, 10, , , , , 
2018/3/17, 9, 11, , , , , 
2018/3/18, 10, 13, , , , , 
2018/3/19, 11, 13, , , , , 
2018/3/20, 4, 10, , , , , 
2018/3/21, 8, 13, , , , , 
2018/3/22, 7, 12, , , , , 
2018/3/23, 11, 32, , , , , 
2018/3/24, 6, 13, , , , , 
2018/3/25, 8, 19, , , , , 
2018/3/26, 7, 13, , , , , 
2018/3/27, 7, 12, , , , , 
2018/3/28, 9, 16, , , , , 
2018/3/29, 8, 12, , , , , 
2018/3/30, 6, 11, , , , , 
2018/3/31, 5, 8, , , , , 
2018/4/1, 6, 9, , , , , 
2017/10/2, 11, 4, , , , , 
2017/7/2, 9, 3, , , , , 
2017/7/3, 5, 5, , , , , 
2017/7/4, 5, 6, , , , , 
2017/7/5, 8, 4, , , , , 
2017/7/6, 9, 5, , , , , 
2017/7/7, 8, 6, , , , , 
2017/7/8, 7, 4, , , , , 
2017/7/9, 6, 4, , , , , 
2017/7/10, 7, 7, , , , , 
2017/7/11, 11, 9, , , , , 
2017/7/12, 14, 5, , , , , 
2017/7/13, 6, 5, , , , , 
2017/7/14, 6, 7, , , , , 
2017/7/15, 10, 6, , , , , 
2017/7/16, 11, 4, , , , , 
2017/7/17, 9, 7, , , , , 
2017/7/18, 11, 7, , , , , 
2017/7/19, 9, 7, , , , , 
2017/7/20, 11, 13, , , , , 
2017/7/21, 18, 6, , , , , 
2017/7/22, 10, 6, , , , , 
2017/7/23, 9, 8, , , , , 
2017/7/24, 13, 8, , , , , 
2017/7/25, 11, 7, , , , , 
2017/7/26, 10, 8, , , , , 
2017/7/27, 11, 8, , , , , 
2017/7/28, 11, 9, , , , , 
2017/7/29, 12, 8, , , , , 
2017/7/30, 9, 6, , , , , 
2017/7/31, 11, 5, , , , , 
2017/8/1, 9, 6, , , , , 
2017/8/2, 13, 4, , , , , 
2017/8/3, 7, 3, , , , , 
2017/8/4, 9, 6, , , , , 
2017/8/5, 11, 7, , , , , 
2017/8/6, 10, 8, , , , , 
2017/8/7, 9, 10, , , , , 
2017/8/8, 12, 7, , , , , 
2017/8/9, 14, 5, , , , , 
2017/8/10, 7, 9, , , , , 
2017/8/11, 10, 10, , , , , 
2017/8/12, 14, 7, , , , , 
2017/8/13, 13, 5, , , , , 
2017/8/14, 10, 8, , , , , 
2017/8/15, 9, 3, , , , , 
2017/8/16, 9, 11, , , , , 
2017/8/17, 13, 9, , , , , 
2017/8/18, 13, 6, , , , , 
2017/8/19, 10, 4, , , , , 
2017/8/20, 12, 1, , , , , 
2017/8/21, 7, 5, , , , , 
2017/8/22, 11, 5, , , , , 
2017/8/23, 10, 5, , , , , 
2017/8/24, 9, 6, , , , , 
2017/8/25, 11, 6, , , , , 
2017/8/26, 11, 3, , , , , 
2017/8/27, 9, 5, , , , , 
2017/8/28, 9, 6, , , , , 
2017/8/29, 12, 5, , , , , 
2017/8/30, 12, 7, , , , , 
2017/8/31, 10, 4, , , , , 
2017/9/1, 4, 7, , , , , 
2017/9/2, 5, 5, , , , , 
2017/9/3, 5, 8, , , , , 
2017/9/4, 8, 9, , , , , 
2017/9/5, 8, 7, , , , , 
2017/9/6, 7, 8, , , , , 
2017/9/7, 6, , , , , , 
2017/9/12, 7, 6, , , , , 
2017/9/13, 8, 7, , , , , 
2017/9/14, 6, 8, , , , , 
2017/9/15, 7, 6, , , , , 
2017/9/16, 6, 7, , , , , 
2017/9/17, 7, 5, , , , , 
2017/9/18, 5, 10, , , , , 
2017/9/19, 9, 6, , , , , 
2017/9/20, 6, 7, , , , , 
2017/9/21, 6, 10, , , , , 
2017/9/22, 8, 9, , , , , 
2017/9/23, 9, 11, , , , , 
2017/9/24, 10, 11, , , , , 
2017/9/25, 11, 6, , , , , 
2017/9/26, 6, 8, , , , , 
2017/9/27, 12, 8, , , , , 
2017/9/28, 6, 5, , , , , 
2017/9/29, 5, 5, , , , , 
2017/9/30, 5, 7, , , , , 
2017/10/1, 7, 5, , , , , 
2017/4/2, 9, 4, , , , , 
2017/4/3, 7, 4, , , , , 
2017/4/4, 7, 10, , , , , 
2017/4/5, 12, 9, , , , , 
2017/4/6, 11, 13, , , , , 
2017/4/7, 15, 9, , , , , 
2017/4/8, 11, 6, , , , , 
2017/4/9, 10, 6, , , , , 
2017/4/10, 9, 4, , , , , 
2017/4/11, 6, 2, , , , , 
2017/4/12, 7, 5, , , , , 
2017/4/13, 11, 8, , , , , 
2017/4/14, 13, 4, , , , , 
2017/4/15, 9, 6, , , , , 
2017/4/16, 10, 5, , , , , 
2017/4/17, 9, 6, , , , , 
2017/4/18, 10, 9, , , , , 
2017/4/19, 11, 12, , , , , 
2017/4/20, 12, 4, , , , , 
2017/4/21, 10, 3, , , , , 
2017/4/22, 9, 4, , , , , 
2017/4/23, 11, , , , , , 
2017/4/25, 14, 4, , , , , 
2017/4/26, 10, 7, , , , , 
2017/4/27, 11, 6, , , , , 
2017/4/28, 9, 3, , , , , 
2017/4/29, 9, 3, , , , , 
2017/4/30, 9, 3, , , , , 
2017/5/1, 11, 8, , , , , 
2017/5/2, 13, 6, , , , , 
2017/5/3, 10, 8, , , , , 
2017/5/4, 13, 9, , , , , 
2017/5/5, 17, 11, , , , , 
2017/5/6, 17, 8, , , , , 
2017/5/7, 13, 7, , , , , 
2017/5/8, 9, 5, , , , , 
2017/5/9, 9, 7, , , , , 
2017/5/10, 15, 10, , , , , 
2017/5/11, 19, 12, , , , , 
2017/5/12, 20, 8, , , , , 
2017/5/13, 22, 7, , , , , 
2017/5/14, 14, 7, , , , , 
2017/5/15, 14, 13, , , , , 
2017/5/16, 23, 14, , , , , 
2017/5/17, 14, 6, , , , , 
2017/5/18, 11, 6, , , , , 
2017/5/19, 12, 7, , , , , 
2017/5/20, 13, 7, , , , , 
2017/5/21, 13, 5, , , , , 
2017/5/22, 10, 8, , , , , 
2017/5/23, 9, 6, , , , , 
2017/5/24, 9, 10, , , , , 
2017/5/25, 9, 8, , , , , 
2017/5/26, 11, 8, , , , , 
2017/5/27, 10, 6, , , , , 
2017/5/28, 6, 6, , , , , 
2017/5/29, 6, 5, , , , , 
2017/5/30, 7, 6, , , , , 
2017/5/31, 7, 7, , , , , 
2017/6/1, 9, 8, , , , , 
2017/6/2, 13, 10, , , , , 
2017/6/3, 16, 8, , , , , 
2017/6/4, 16, 8, , , , , 
2017/6/5, 20, 9, , , , , 
2017/6/6, 15, 8, , , , , 
2017/6/7, 9, 12, , , , , 
2017/6/8, 15, 11, , , , , 
2017/6/9, 15, 8, , , , , 
2017/6/10, 11, 5, , , , , 
2017/6/11, 11, 6, , , , , 
2017/6/12, 16, 6, , , , , 
2017/6/13, 11, 10, , , , , 
2017/6/14, 15, 8, , , , , 
2017/6/15, 10, 9, , , , , 
2017/6/16, 11, 8, , , , , 
2017/6/17, 12, 8, , , , , 
2017/6/18, 18, 7, , , , , 
2017/6/19, 23, 9, , , , , 
2017/6/20, 20, 6, , , , , 
2017/6/21, 11, 8, , , , , 
2017/6/22, 15, 7, , , , , 
2017/6/23, 11, 9, , , , , 
2017/6/24, 12, 8, , , , , 
2017/6/25, 15, 7, , , , , 
2017/6/26, 16, 4, , , , , 
2017/6/27, 8, 5, , , , , 
2017/6/28, 11, 5, , , , , 
2017/6/29, 11, 4, , , , , 
2017/6/30, 10, 7, , , , , 
2017/7/1, 14, 5, , , , , 
2017/1/3, 13, 9, 8, 1, , , 
2017/1/4, 21, 15, 16, 2, , , 
2017/1/5, 28, 23, 21, 2, , , 
2017/1/6, 46, 12, 17, 2, , , 
2017/1/7, 27, 14, 16, 1, , , 
2017/1/8, 29, 16, 9, 1, , , 
2017/1/9, 33, 17, 12, 2, , , 
2017/1/10, 36, 14, 9, 2, , , 
2017/1/11, 31, 11, 7, 1, , , 
2017/1/12, 23, 15, 16, 3, , , 
2017/1/13, 27, 17, 8, 2, , , 
2017/1/14, 38, 20, 8, , , , 
2017/1/15, 38, 10, 8, 1, , , 
2017/1/16, 22, 12, 13, 5, , , 
2017/1/17, 28, 17, 15, 6, , , 
2017/1/18, 31, 12, 9, , , , 
2017/1/19, 27, 24, 15, 3, , , 
2017/1/20, 35, 7, 10, , , , 
2017/1/21, 17, 7, 12, 1, , , 
2017/1/22, 19, 12, 16, 2, , , 
2017/1/23, 25, 16, 13, 5, , , 
2017/1/24, 33, 12, 8, , , , 
2017/1/25, 25, 15, 8, 2, , , 
2017/1/26, 31, , , , , , 
2017/1/31, 29, 11, 8, 1, , , 
2017/2/1, 22, 16, 8, 2, , , 
2017/2/2, 29, 10, 7, 1, , , 
2017/2/3, 23, 14, 10, 3, , , 
2017/2/4, 26, 14, 9, 3, , , 
2017/2/5, 28, 11, 7, 3, , , 
2017/2/6, 29, 7, 6, 1, , , 
2017/2/7, 15, 11, 10, 2, , , 
2017/2/8, 25, 12, 17, 5, , , 
2017/2/9, 26, 21, 20, 7, , , 
2017/2/10, 40, 20, 18, 2, , , 
2017/2/11, 31, 9, 9, 1, , , 
2017/2/12, 22, 13, 8, , , , 
2017/2/13, 23, 14, 7, , , , 
2017/2/14, 25, 3, 10, 3, , , 
2017/2/15, 14, 13, 8, 3, , , 
2017/3/3, 45, 16, 15, 2, , , 
2017/3/4, 41, 24, 13, 3, , , 
2017/3/5, 49, 14, 9, , , , 
2017/3/6, 47, 12, 8, 1, , , 
2017/3/7, 40, 21, 15, 4, , , 
2017/3/8, 52, 24, 15, , , , 
2017/3/9, 51, 22, 15, , , , 
2017/3/10, 48, 17, 13, 4, , , 
2017/3/11, 46, 21, 11, 6, , , 
2017/3/12, 38, 12, 11, , , , 
2017/3/13, 38, 9, 10, , , , 
2017/3/14, 35, 14, 17, 4, , , 
2017/3/15, 48, 16, 16, 5, , , 
2017/3/16, 36, 23, 9, , , , 
2017/3/17, 48, 18, 11, 2, , , 
2017/3/18, 39, 20, 15, 5, , , 
2017/3/19, 54, 17, 16, 5, , , 
2017/3/20, 33, 20, 16, 4, , , 
2017/3/21, 35, 10, 14, 2, , , 
2017/3/22, 42, 9, 10, 1, , , 
2017/3/23, 38, 10, 11, 1, , , 
2017/3/24, 37, 11, 18, 3, , , 
2017/3/25, 36, 15, 13, 4, , , 
2017/3/26, 49, 9, 15, 4, , , 
2017/3/27, 39, 21, 10, 1, , , 
2017/3/28, 50, 22, 8, 2, , , 
2017/3/29, 48, 19, 9, 3, , , 
2017/3/30, 48, 12, 8, 1, , , 
2017/3/31, 31, 13, 9, 4, , , 
2017/4/1, 33, 6, , , , , 
2016/10/2, 5, 7, , , , , 
2016/10/3, 7, 11, , , , , 
2016/10/4, 10, 12, , , , , 
2016/10/5, 12, 9, , , , , 
2016/10/6, 9, 8, , , , , 
2016/10/7, 7, 10, , , , , 
2016/10/8, 9, 6, , , , , 
2016/10/9, 7, 9, , , , , 
2016/10/10, 7, 11, , , , , 
2016/10/11, 9, 7, , , , , 
2016/10/12, 6, 4, , , , , 
2016/10/13, 5, 6, , , , , 
2016/10/14, 7, 6, , , , , 
2016/10/15, 8, 10, , , , , 
2016/10/16, 16, 7, , , , , 
2016/10/17, 14, 7, , , , , 
2016/10/18, 16, , , , , , 
2016/10/20, 14, 12, , , , , 
2016/10/21, 23, 6, , , , , 
2016/10/22, 13, 6, , , , , 
2016/10/23, 11, 5, , , , , 
2016/10/24, 10, 5, , , , , 
2016/10/25, 10, 9, , , , , 
2016/10/26, 17, 6, , , , , 
2016/10/27, 13, 7, , , , , 
2016/10/28, 14, 8, , , , , 
2016/10/29, 16, 7, , , , , 
2016/10/30, 13, 15, , , , , 
2016/10/31, 30, 7, , , , , 
2016/11/1, 14, 5, , , , , 
2016/11/2, 10, 6, , , , , 
2016/11/3, 11, 7, , , , , 
2016/11/4, 12, 9, , , , , 
2016/11/5, 7, 16, , , , , 
2016/11/6, 15, 10, , , , , 
2016/11/7, 9, 9, , , , , 
2016/11/8, 9, 7, , , , , 
2016/11/9, 6, 6, , , , , 
2016/11/10, 5, 6, , , , , 
2016/11/11, 6, 8, , , , , 
2016/11/12, 7, 8, , , , , 
2016/11/13, 7, 6, , , , , 
2016/11/14, 6, 7, , , , , 
2016/11/15, 6, 3, , , , , 
2016/11/16, 4, 5, , , , , 
2016/11/17, 6, 8, , , , , 
2016/11/18, 6, 9, , , , , 
2016/11/19, 10, 7, , , , , 
2016/11/20, 8, 8, , , , , 
2016/11/21, 10, 11, , , , , 
2016/11/22, 11, 7, , , , , 
2016/11/23, 6, 6, , , , , 
2016/11/24, 5, 5, , , , , 
2016/11/25, 5, 6, , , , , 
2016/11/26, 6, 4, , , , , 
2016/11/27, 4, 6, , , , , 
2016/11/28, 6, 10, , , , , 
2016/11/29, 10, 7, , , , , 
2016/11/30, 7, 7, , , , , 
2016/12/1, 7, 7, , , , , 
2016/12/2, 6, 4, , , , , 
2016/12/3, 6, 6, , , , , 
2016/12/4, 8, 8, , , , , 
2016/12/5, 9, 8, , , , , 
2016/12/6, 9, 8, , , , , 
2016/12/7, 9, 10, , , , , 
2016/12/8, 9, 10, , , , , 
2016/12/9, 10, 8, , , , , 
2016/12/10, 8, 6, , , , , 
2016/12/11, 7, 4, , , , , 
2016/12/12, 6, 7, , , , , 
2016/12/13, 6, 12, , , , , 
2016/12/14, 9, 8, , , , , 
2016/12/15, 9, 9, , , , , 
2016/12/16, 8, 10, , , , , 
2016/12/17, 10, 9, , , , , 
2016/12/18, 8, 7, , , , , 
2016/12/19, 7, 10, , , , , 
2016/12/20, 8, 9, , , , , 
2016/12/21, 9, 6, , , , , 
2016/12/22, 6, 7, , , , , 
2016/12/23, 6, 11, , , , , 
2016/12/24, 8, 10, , , , , 
2016/12/25, 9, 7, , , , , 
2016/12/26, 9, 5, , , , , 
2016/12/27, 8, 5, , , , , 
2016/12/28, 6, 6, , , , , 
2016/12/29, 6, 7, , , , , 
2016/12/30, 7, 4, , , , , 
2016/12/31, 5, 3, , , , , 
2017/1/1, 4, 3, , , , , 
2017/1/2, 4, 6, 6, , , , 
2016/7/2, 7, 2, , , , , 
2016/7/3, 4, 3, , , , , 
2016/7/4, 7, 3, , , , , 
2016/7/5, 6, 3, , , , , 
2016/7/6, 6, 3, , , , , 
2016/7/7, 6, 6, , , , , 
2016/7/8, 8, 9, , , , , 
2016/7/9, 13, 4, , , , , 
2016/7/10, 7, 3, , , , , 
2016/7/11, 4, 6, , , , , 
2016/7/12, 6, 9, , , , , 
2016/7/13, 8, 9, , , , , 
2016/7/14, 9, 6, , , , , 
2016/7/15, 6, 6, , , , , 
2016/7/16, 7, 7, , , , , 
2016/7/17, 10, 4, , , , , 
2016/7/18, 7, 5, , , , , 
2016/7/19, 6, 9, , , , , 
2016/7/20, 10, 4, , , , , 
2016/7/21, 6, 5, , , , , 
2016/7/22, 6, 8, , , , , 
2016/7/23, 8, 7, , , , , 
2016/7/24, 7, 7, , , , , 
2016/7/25, 7, 10, , , , , 
2016/7/26, 9, 9, , , , , 
2016/7/27, 8, 11, , , , , 
2016/7/28, 10, 5, , , , , 
2016/7/29, 5, 8, , , , , 
2016/7/30, 9, 7, , , , , 
2016/7/31, 8, 6, , , , , 
2016/8/1, 7, 4, , , , , 
2016/8/2, 6, 7, , , , , 
2016/8/3, 8, 5, , , , , 
2016/8/4, 7, 5, , , , , 
2016/8/5, 7, 7, , , , , 
2016/8/6, 8, 7, , , , , 
2016/8/7, 11, 4, , , , , 
2016/8/8, 6, 6, , , , , 
2016/8/9, 5, 7, , , , , 
2016/8/10, 6, 8, , , , , 
2016/8/11, 8, 6, , , , , 
2016/8/12, 7, 6, , , , , 
2016/8/13, 6, 7, , , , , 
2016/8/14, 8, 6, , , , , 
2016/8/15, 8, 9, , , , , 
2016/8/16, 10, 6, , , , , 
2016/8/17, 6, 6, , , , , 
2016/8/18, 7, 9, , , , , 
2016/8/19, 7, 6, , , , , 
2016/8/20, 6, 7, , , , , 
2016/8/21, 7, 7, , , , , 
2016/8/22, 9, 7, , , , , 
2016/8/23, 9, 6, , , , , 
2016/8/24, 9, 6, , , , , 
2016/8/25, 7, 5, , , , , 
2016/8/26, 6, 5, , , , , 
2016/8/27, 8, 5, , , , , 
2016/8/28, 6, 3, , , , , 
2016/8/29, 4, 4, , , , , 
2016/8/30, 6, 3, , , , , 
2016/8/31, 6, 5, , , , , 
2016/9/1, 6, 5, , , , , 
2016/9/2, 5, 4, , , , , 
2016/9/3, 5, 5, , , , , 
2016/9/4, 5, 5, , , , , 
2016/9/5, 6, 7, , , , , 
2016/9/6, 9, 7, , , , , 
2016/9/7, 8, 6, , , , , 
2016/9/8, 5, 7, , , , , 
2016/9/9, 9, 4, , , , , 
2016/9/10, 5, 4, , , , , 
2016/9/11, 4, 5, , , , , 
2016/9/12, 7, 4, , , , , 
2016/9/13, 5, 2, , , , , 
2016/9/14, 3, 6, , , , , 
2016/9/15, 7, 5, , , , , 
2016/9/16, 4, 3, , , , , 
2016/9/17, 5, 3, , , , , 
2016/9/18, 4, 4, , , , , 
2016/9/19, 4, 4, , , , , 
2016/9/20, 5, 4, , , , , 
2016/9/21, 5, 6, , , , , 
2016/9/22, 5, 3, , , , , 
2016/9/23, 4, 4, , , , , 
2016/9/24, 4, 5, , , , , 
2016/9/25, 6, 6, , , , , 
2016/9/26, 5, 8, , , , , 
2016/9/27, 7, 8, , , , , 
2016/9/28, 7, 5, , , , , 
2016/9/29, 5, 10, , , , , 
2016/9/30, 9, 7, , , , , 
2016/10/1, 7, 4, , , , , 
2016/4/2, 7, 8, , , , , 
2016/4/3, 8, 8, , , , , 
2016/4/4, 7, 12, , , , , 
2016/4/5, 10, 12, , , , , 
2016/4/6, 12, 5, , , , , 
2016/4/7, 6, 6, , , , , 
2016/4/8, 6, 7, , , , , 
2016/4/9, 7, 5, , , , , 
2016/4/10, 6, 6, , , , , 
2016/4/11, 7, 4, , , , , 
2016/4/12, 4, 4, , , , , 
2016/4/13, 4, 5, , , , , 
2016/4/14, 6, 9, , , , , 
2016/4/15, 8, 12, , , , , 
2016/4/16, 11, 5, , , , , 
2016/4/17, 6, 5, , , , , 
2016/4/18, 5, 9, , , , , 
2016/4/19, 9, 13, , , , , 
2016/4/20, 10, 14, , , , , 
2016/4/21, 10, 7, , , , , 
2016/4/22, 7, 6, , , , , 
2016/4/23, 5, 5, , , , , 
2016/4/24, 6, 6, , , , , 
2016/4/25, 6, 7, , , , , 
2016/4/26, 7, 9, , , , , 
2016/4/27, 7, , , , , , 
2016/4/28, 10, 14, , , , , 
2016/4/29, 9, 8, , , , , 
2016/4/30, 8, 10, , , , , 
2016/5/1, 8, 7, , , , , 
2016/5/2, 6, 8, , , , , 
2016/5/3, 6, 9, , , , , 
2016/5/4, 8, 5, , , , , 
2016/5/5, 6, 9, , , , , 
2016/5/6, 9, 11, , , , , 
2016/5/11, 9, 8, , , , , 
2016/5/12, 7, 7, , , , , 
2016/5/13, 7, 8, , , , , 
2016/5/14, 8, 6, , , , , 
2016/5/15, 6, 8, , , , , 
2016/5/16, 10, 9, , , , , 
2016/5/17, 10, 12, , , , , 
2016/5/18, 11, 10, , , , , 
2016/5/19, 11, 8, , , , , 
2016/5/20, 8, 6, , , , , 
2016/5/21, 8, 7, , , , , 
2016/5/22, 7, 13, , , , , 
2016/5/23, 8, 9, , , , , 
2016/5/24, 8, 8, , , , , 
2016/5/25, 8, 5, , , , , 
2016/5/26, 6, 4, , , , , 
2016/5/27, 5, 5, , , , , 
2016/5/28, 6, 6, , , , , 
2016/5/29, 7, 4, , , , , 
2016/5/30, 6, 4, , , , , 
2016/5/31, 6, 5, , , , , 
2016/6/1, 7, 5, , , , , 
2016/6/2, 7, 5, , , , , 
2016/6/3, 8, 8, , , , , 
2016/6/4, 12, 6, , , , , 
2016/6/5, 10, 7, , , , , 
2016/6/6, 9, 7, , , , , 
2016/6/7, 7, 6, , , , , 
2016/6/8, 6, 3, , , , , 
2016/6/9, 4, 5, , , , , 
2016/6/10, 6, 6, , , , , 
2016/6/11, 7, 6, , , , , 
2016/6/12, 7, 7, , , , , 
2016/6/13, 10, 6, , , , , 
2016/6/14, 9, 8, , , , , 
2016/6/15, 10, 4, , , , , 
2016/6/16, 6, 3, , , , , 
2016/6/17, 5, 3, , , , , 
2016/6/18, 4, 4, , , , , 
2016/6/19, 5, 5, , , , , 
2016/6/20, 8, 6, , , , , 
2016/6/21, 9, 4, , , , , 
2016/6/22, 5, 7, , , , , 
2016/6/23, 6, 5, , , , , 
2016/6/24, 5, 7, , , , , 
2016/6/25, 8, 6, , , , , 
2016/6/26, 8, 5, , , , , 
2016/6/27, 7, 6, , , , , 
2016/6/28, 8, 7, , , , , 
2016/6/29, 8, 4, , , , , 
2016/6/30, 5, 4, , , , , 
2016/7/1, 5, 5, , , , , 
2016/1/5, 44, 17, 42, 14, , , 
2016/1/6, 42, 16, 29, 9, , , 
2016/1/7, 39, 16, 24, 3, , , 
2016/1/8, 34, 14, 27, 7, , , 
2016/1/9, 28, 18, 38, 13, , , 
2016/1/10, 33, 18, 43, 21, , , 
2016/1/11, 35, 20, 44, 28, , , 
2016/1/12, 38, 17, 54, 27, , , 
2016/1/13, 32, 30, 55, 30, , , 
2016/1/14, 46, 24, 29, 13, , , 
2016/1/15, 38, 15, 17, 2, , , 
2016/1/16, 23, 17, 29, 7, , , 
2016/1/17, 27, 19, 37, 12, , , 
2016/1/18, 30, 22, 41, 24, , , 
2016/1/19, 39, 24, 37, 34, , , 
2016/1/20, 38, 20, 21, 23, , , 
2016/1/21, 35, 13, 23, 19, , , 
2016/1/22, 28, 17, , 17, , , 
2016/1/23, 34, 4, , , , , 
2016/1/24, 6, 3, , , , , 
2016/1/25, 4, 3, , , , , 
2016/1/26, 5, 6, , , , , 
2016/1/27, 7, 13, , , , , 
2016/1/28, 17, 7, , , , , 
2016/1/29, 6, 6, , , , , 
2016/1/30, 5, 5, , , , , 
2016/1/31, 6, 4, , , , , 
2016/2/1, 5, 6, , , , , 
2016/2/2, 7, 6, , , , , 
2016/2/3, 7, 7, , , , , 
2016/2/4, 7, 8, , , , , 
2016/2/5, 8, 10, , , , , 
2016/2/6, 12, 13, , , , , 
2016/2/7, 16, 10, , , , , 
2016/2/8, 13, 5, , , , , 
2016/2/9, 6, 7, , , , , 
2016/2/10, 6, 5, , , , , 
2016/2/11, 6, 4, , , , , 
2016/2/12, 6, 5, , , , , 
2016/2/13, 7, 6, , , , , 
2016/2/14, 7, 5, , , , , 
2016/2/15, 6, 5, , , , , 
2016/2/16, 5, 6, , , , , 
2016/2/17, 6, 8, , , , , 
2016/2/18, 6, 3, , , , , 
2016/2/19, 4, 4, , , , , 
2016/2/20, 5, 6, , , , , 
2016/2/21, 6, 8, , , , , 
2016/2/22, 6, 14, , , , , 
2016/2/23, 10, 13, , , , , 
2016/2/24, 11, 6, , , , , 
2016/2/25, 7, 4, , , , , 
2016/2/26, 4, 9, , , , , 
2016/2/27, 8, 10, , , , , 
2016/2/28, 10, 6, , , , , 
2016/2/29, 7, 7, , , , , 
2016/3/1, 6, 14, , , , , 
2016/3/2, 10, 12, , , , , 
2016/3/3, 11, 8, , , , , 
2016/3/4, 7, 11, , , , , 
2016/3/5, 11, 9, , , , , 
2016/3/6, 9, 12, , , , , 
2016/3/7, 11, 6, , , , , 
2016/3/8, 7, 14, , , , , 
2016/3/9, 13, 10, , , , , 
2016/3/10, 12, 3, , , , , 
2016/3/11, 6, 6, , , , , 
2016/3/12, 7, 4, , , , , 
2016/3/13, 5, 5, , , , , 
2016/3/14, 6, 5, , , , , 
2016/3/15, 5, 8, , , , , 
2016/3/16, 7, 12, , , , , 
2016/3/17, 10, 10, , , , , 
2016/3/18, 10, 8, , , , , 
2016/3/19, 6, 4, , , , , 
2016/3/20, 5, 6, , , , , 
2016/3/21, 6, 6, , , , , 
2016/3/22, 7, 9, , , , , 
2016/3/23, 11, 9, , , , , 
2016/3/24, 10, 7, , , , , 
2016/3/25, 9, 3, , , , , 
2016/3/26, 4, 3, , , , , 
2016/3/27, 4, 3, , , , , 
2016/3/28, 4, 6, , , , , 
2016/3/29, 6, 4, , , , , 
2016/3/30, 6, 6, , , , , 
2016/3/31, 5, 6, , , , , 
2016/4/1, 6, 9, , , , , 
2015/10/2, 102, 39, 500, 500, , , 
2015/10/3, 103, 42, 500, 500, , , 
2015/10/4, 95, 44, 500, 500, , , 
2015/10/5, 87, 40, 500, 500, , , 
2015/10/6, 103, 52, 500, 500, , , 
2015/10/7, 110, 45, 500, 500, , , 
2015/10/8, 108, 45, 500, 500, , , 
2015/10/9, 117, 58, 500, 500, , , 
2015/10/10, 156, 60, 500, 500, , , 
2015/10/11, 155, 34, 500, 500, , , 
2015/10/12, 113, 20, 500, 500, , , 
2015/10/13, 81, 19, 500, 500, , , 
2015/10/14, 64, 26, 500, 500, , , 
2015/10/15, 72, 38, 500, 500, , , 
2015/10/16, 74, 47, 500, 500, , , 
2015/10/17, 107, 26, 500, 500, , , 
2015/10/18, 94, 22, 500, 500, , , 
2015/10/19, 81, 30, 500, 500, , , 
2015/10/20, 88, 33, 500, 500, , , 
2015/10/21, 84, 26, 500, 478, , , 
2015/10/22, 74, 25, 500, 451, , , 
2015/10/23, 66, 33, 500, 500, , , 
2015/10/24, 83, 33, 500, 500, , , 
2015/10/25, 88, 45, 500, 500, , , 
2015/10/26, 124, 37, 500, 491, , , 
2015/10/27, 109, 40, 500, 500, , , 
2015/10/28, 101, 52, , 500, , , 
2015/10/29, 133, 51, 500, 500, , , 
2015/10/30, 134, 55, 500, 500, , , 
2015/10/31, 144, 46, 500, 500, , , 
2015/11/1, 131, 31, 500, 500, , , 
2015/11/2, 101, 22, 500, 500, , , 
2015/11/3, 78, 23, 500, 500, , , 
2015/11/4, 63, 26, 500, 500, , , 
2015/11/5, 79, 19, 500, 500, , , 
2015/11/6, 78, 17, 500, 493, , , 
2015/11/7, 73, 22, 500, 500, , , 
2015/11/8, 80, 29, 500, 500, , , 
2015/11/9, 101, 33, 500, 500, , , 
2015/11/10, 95, 31, 500, 500, , , 
2015/11/11, 87, 26, 500, 500, , , 
2015/11/12, 84, 46, 500, 500, , , 
2015/11/13, 106, 42, 500, 500, , , 
2015/11/14, 94, 21, 500, 436, , , 
2015/11/15, 69, 18, 500, 339, , , 
2015/11/16, 62, 26, 500, 500, , , 
2015/11/17, 77, 34, 500, 500, , , 
2015/11/18, 87, 43, 500, 500, , , 
2015/11/19, 98, 54, 500, 488, , , 
2015/11/20, 147, 39, 500, 500, , , 
2015/11/21, 122, 28, 500, 418, , , 
2015/11/22, 74, 22, 500, , , , 
2015/11/23, 61, 18, 500, 429, , , 
2015/11/24, 62, 21, 500, 495, , , 
2015/11/25, 67, 46, 500, 500, , , 
2015/11/26, 80, 48, 500, 417, , , 
2015/11/27, 97, 33, 500, 453, , , 
2015/11/28, 83, 25, 500, 500, , , 
2015/11/29, 76, 17, 500, 498, , , 
2015/11/30, 69, 36, 500, 500, , , 
2015/12/1, 87, 38, 500, 492, , , 
2015/12/2, 90, 30, 500, 493, , , 
2015/12/3, 81, 31, 500, , , , 
2015/12/4, 79, 39, 500, 500, , , 
2015/12/5, 87, 39, 500, 500, , , 
2015/12/6, 84, 50, 500, 500, , , 
2015/12/7, 101, 58, 500, 500, , , 
2015/12/8, 106, 50, 500, , , , 
2015/12/9, 127, 30, 500, 492, , , 
2015/12/10, 82, 23, 500, 500, , , 
2015/12/11, 69, 29, 500, 393, , , 
2015/12/12, 75, 34, 500, 446, , , 
2015/12/13, 79, 32, 500, 500, , , 
2015/12/14, 84, 40, 500, 500, , , 
2015/12/15, 102, 48, 500, 500, , , 
2015/12/16, 95, 14, 500, 500, , , 
2015/12/17, 66, 24, 500, 500, , , 
2015/12/18, 87, 45, 500, 500, , , 
2015/12/19, 131, 48, 500, 500, , , 
2015/12/20, 122, 33, 500, 448, , , 
2015/12/21, 96, 22, 500, 429, , , 
2015/12/22, 80, 30, 500, 494, , , 
2015/12/23, 84, 34, 500, 500, , , 
2015/12/24, 93, 28, 500, 500, , , 
2015/12/25, 87, 33, 500, 500, , , 
2015/12/26, 89, 36, 500, 334, , , 
2015/12/27, 91, 28, 500, 444, , , 
2015/12/28, 80, 21, 500, 500, , , 
2015/12/29, 71, 23, 500, 500, , , 
2015/12/30, 76, 28, 500, 500, , , 
2015/12/31, 76, , , , , , 
2015/9/21, 92, 24, 500, 500, , , 
2015/9/22, 80, 29, 500, 500, , , 
2015/9/23, 75, 25, 500, 500, , , 
2015/9/24, 72, 25, 500, 500, , , 
2015/9/25, 63, 18, 500, 491, , , 
2015/9/26, 66, 18, 500, 500, , , 
2015/9/27, 75, 22, 500, 500, , , 
2015/9/28, 88, 23, , 500, , , 
2015/9/29, 93, 30, 500, 500, , , 
2015/9/30, 75, 33, 500, 500, , , 
2015/10/1, 81, 30, 500, 500, , , 
2020/4/6, , 16, 7, 2, , , 
2020/1/1, , 39, 13, 1, , , 76
2020/1/15, , 40, 12, 1, , , 
2020/1/20, , 26, 8, , , , 
2019/11/4, , 13, , , , , 
2019/8/19, , 12, , , , , 
2019/9/12, , 16, , , , , 
2019/9/13, , 12, , , , , 
2019/4/27, , 14, , , , , 
2019/5/13, , 14, , , , , 
2019/6/24, , 11, , , , , 
2019/1/1, , 9, , , , , 
2019/1/27, , 11, , , , , 
2019/1/28, , 14, , , , , 
2019/1/29, , 15, , , , , 
2018/10/12, , 8, , , , , 
2018/1/2, , 2, , , , , 
2018/1/3, , 3, , , , , 
2018/1/4, , 4, , , , , 
2018/1/5, , 7, , , , , 
2018/1/6, , 6, , , , , 
2018/1/7, , 11, , , , , 
2018/1/8, , 12, , , , , 
2018/1/9, , 8, , , , , 
2017/10/3, , 8, , , , , 
2017/10/4, , 8, , , , , 
2017/10/5, , 4, , , , , 
2017/10/6, , 6, , , , , 
2017/10/7, , 6, , , , , 
2017/10/8, , 5, , , , , 
2017/10/9, , 7, , , , , 
2017/10/10, , 8, , , , , 
2017/10/11, , 10, , , , , 
2017/10/12, , 9, , , , , 
2017/10/13, , 6, , , , , 
2017/10/14, , 4, , , , , 
2017/10/15, , 4, , , , , 
2017/10/16, , 8, , , , , 
2017/10/17, , 7, , , , , 
2017/10/18, , 8, , , , , 
2017/10/19, , 7, , , , , 
2017/10/20, , 8, , , , , 
2017/10/21, , 7, , , , , 
2017/10/22, , 3, , , , , 
2017/10/23, , 5, , , , , 
2017/10/24, , 8, , , , , 
2017/10/25, , 6, , , , , 
2017/10/26, , 5, , , , , 
2017/10/27, , 8, , , , , 
2017/10/28, , 5, , , , , 
2017/10/29, , 11, , , , , 
2017/10/30, , 7, , , , , 
2017/10/31, , 8, , , , , 
2017/11/1, , 7, , , , , 
2017/11/2, , 5, , , , , 
2017/11/3, , 5, , , , , 
2017/11/4, , 6, , , , , 
2017/11/5, , 6, , , , , 
2017/11/6, , 6, , , , , 
2017/11/7, , 5, , , , , 
2017/11/8, , 9, , , , , 
2017/11/9, , 12, , , , , 
2017/11/10, , 9, , , , , 
2017/11/11, , 9, , , , , 
2017/11/12, , 7, , , , , 
2017/11/13, , 8, , , , , 
2017/11/14, , 11, , , , , 
2017/11/15, , 4, , , , , 
2017/11/16, , 7, , , , , 
2017/11/17, , 5, , , , , 
2017/11/18, , 3, , , , , 
2017/11/19, , 5, , , , , 
2017/11/20, , 4, , , , , 
2017/11/21, , 6, , , , , 
2017/11/22, , 4, , , , , 
2017/11/23, , 4, , , , , 
2017/11/24, , 6, , , , , 
2017/11/25, , 7, , , , , 
2017/11/26, , 4, , , , , 
2017/11/27, , 6, , , , , 
2017/11/28, , 12, , , , , 
2017/11/29, , 12, , , , , 
2017/11/30, , 10, , , , , 
2017/12/1, , 3, , , , , 
2017/12/2, , 6, , , , , 
2017/12/3, , 5, , , , , 
2017/12/4, , 3, , , , , 
2017/12/5, , 5, , , , , 
2017/12/6, , 5, , , , , 
2017/12/7, , 6, , , , , 
2017/12/8, , 6, , , , , 
2017/12/9, , 5, , , , , 
2017/12/10, , 4, , , , , 
2017/12/11, , 7, , , , , 
2017/12/12, , 9, , , , , 
2017/12/13, , 12, , , , , 
2017/12/14, , 6, , , , , 
2017/12/15, , 6, , , , , 
2017/12/16, , 5, , , , , 
2017/12/17, , 7, , , , , 
2017/12/18, , 9, , , , , 
2017/12/19, , 10, , , , , 
2017/12/20, , 9, , , , , 
2017/12/21, , 7, , , , , 
2017/12/22, , 4, , , , , 
2017/12/23, , 4, , , , , 
2017/12/24, , 6, , , , , 
2017/12/25, , 4, , , , , 
2017/12/26, , 4, , , , , 
2017/12/27, , 8, , , , , 
2017/12/28, , 5, , , , , 
2017/12/29, , 5, , , , , 
2017/12/30, , 5, , , , , 
2017/9/11, , 11, , , , , 
2017/4/24, , 6, , , , , 
2017/1/30, , 12, 9, 1, , , 
2017/2/16, , 11, 7, 2, , , 
2017/2/17, , 13, 7, 1, , , 
2017/2/18, , 11, 8, 1, , , 
2017/2/19, , 5, 7, , , , 
2017/2/20, , 10, 7, 1, , , 
2017/2/21, , 15, 9, 4, , , 
2017/2/22, , 22, 10, 1, , , 
2017/2/23, , 13, 8, , , , 
2017/2/24, , 18, 8, 2, , , 
2017/2/25, , 13, 8, , , , 
2017/2/26, , 17, 10, 2, , , 
2017/2/27, , 23, 16, 4, , , 
2017/2/28, , 17, 16, 2, , , 
2017/3/1, , 18, 14, 4, , , 
2017/3/2, , 23, 17, 5, , , 
2016/10/19, , 6, , , , , 
2016/5/7, , 8, , , , , 
2016/5/8, , 3, , , , , 
2016/5/9, , 7, , , , , 
2016/5/10, , 10, , , , , 
2016/1/4, , 19, 43, 13, , , 
2015/7/2, , 18, 500, 500, , , 
2015/7/3, , 27, 500, 500, , , 
2015/7/4, , 47, 500, 500, , , 
2015/7/5, , 47, 500, 500, , , 
2015/7/6, , 26, 500, 500, , , 
2015/7/7, , 19, 500, 500, , , 
2015/7/8, , 18, , 500, , , 
2015/7/9, , 21, 500, 500, , , 
2015/7/10, , 18, 500, 500, , , 
2015/7/11, , 20, 500, 500, , , 
2015/7/12, , 24, 500, 500, , , 
2015/7/13, , 37, 500, 262, , , 
2015/7/14, , 25, 500, 317, , , 
2015/7/15, , 18, 500, 500, , , 
2015/7/16, , 19, 500, 500, , , 
2015/7/17, , 19, 500, 500, , , 
2015/7/18, , 19, 500, 500, , , 
2015/7/19, , 25, 500, 500, , , 
2015/7/20, , 22, 500, 500, , , 
2015/7/21, , 25, 500, 500, , , 
2015/7/22, , 21, 500, 500, , , 
2015/7/23, , 26, 500, 500, , , 
2015/7/24, , 33, , 500, , , 
2015/7/25, , 22, 500, 500, , , 
2015/7/26, , 34, 500, 496, , , 
2015/7/27, , 34, 500, 357, , , 
2015/7/28, , 29, 500, 500, , , 
2015/7/29, , 21, 500, , , , 
2015/7/30, , 23, 500, 500, , , 
2015/7/31, , 22, 500, 500, , , 
2015/8/1, , 52, 500, 500, , , 
2015/8/2, , 31, 500, 500, , , 
2015/8/3, , 23, 500, 500, , , 
2015/8/4, , 27, 500, 479, , , 
2015/8/5, , 22, 500, 500, , , 
2015/8/6, , 19, 500, 500, , , 
2015/8/7, , 19, , 500, , , 
2015/8/8, , 16, 500, 500, , , 
2015/8/9, , 21, 500, 500, , , 
2015/8/10, , 18, 500, 500, , , 
2015/8/11, , 32, 500, 500, , , 
2015/8/12, , 27, 500, 500, , , 
2015/8/13, , 27, 500, 500, , , 
2015/8/14, , 30, 500, 500, , , 
2015/8/15, , 11, 500, 500, , , 
2015/8/16, , 6, 500, 500, , , 
2015/8/17, , 6, 500, 500, , , 
2015/8/18, , 18, 500, 500, , , 
2015/8/19, , 13, 500, 500, , , 
2015/8/20, , 12, 500, 500, , , 
2015/8/21, , 17, 500, 500, , , 
2015/8/22, , 26, 500, 500, , , 
2015/8/23, , 23, 500, 500, , , 
2015/8/24, , 25, 500, 500, , , 
2015/8/25, , 18, 500, 464, , , 
2015/8/26, , 23, 500, 495, , , 
2015/8/27, , 24, 500, 500, , , 
2015/8/28, , 27, 500, , , , 
2015/8/29, , 18, , 500, , , 
2015/8/30, , 19, 500, 500, , , 
2015/8/31, , 18, , 500, , , 
2015/9/1, , 23, 500, 500, , , 
2015/9/2, , 24, 500, 500, , , 
2015/9/3, , 19, 500, 500, , , 
2015/9/4, , 17, 500, 500, , , 
2015/9/5, , 19, 500, 500, , , 
2015/9/6, , 19, 500, 500, , , 
2015/9/7, , 25, 500, 500, , , 
2015/9/8, , 37, 500, 440, , , 
2015/9/9, , 32, 500, 500, , , 
2015/9/10, , 13, 500, 491, , , 
2015/9/11, , 14, 500, 500, , , 
2015/9/12, , 23, 500, 500, , , 
2015/9/13, , 23, 500, 500, , , 
2015/9/14, , 22, 500, 500, , , 
2015/9/15, , 29, , 500, , , 
2015/9/16, , 29, 500, 500, , , 
2015/9/17, , 22, 500, 500, , , 
2015/9/18, , 20, 500, 500, , , 
2015/9/19, , 17, 500, 500, , , 
2015/9/20, , 20, 500, 500, 500, 243, 
2015/4/2, , 49, 500, 500, , , 
2015/4/3, , 38, 500, 376, , , 
2015/4/4, , 31, 500, 484, , , 
2015/4/5, , 34, 500, 500, , , 
2015/4/6, , 27, 500, 500, , , 
2015/4/7, , 15, 500, 411, , , 
2015/4/8, , 29, 500, 500, , , 
2015/4/9, , 15, 500, , , , 
2015/4/10, , 11, 500, 500, , , 
2015/4/11, , 18, 500, , , , 
2015/4/12, , 31, , 500, , , 
2015/4/13, , 34, 500, 500, , , 
2015/4/14, , 35, 500, 500, , , 
2015/4/15, , 19, 500, 500, , , 
2015/4/16, , 18, 500, 500, , , 
2015/4/17, , 17, 500, 500, , , 
2015/4/18, , 7, 500, 500, , , 
2015/4/19, , 9, 500, 500, , , 
2015/4/20, , 21, , 500, , , 
2015/4/21, , 25, 500, 500, , , 
2015/4/22, , 18, 500, 500, , , 
2015/4/23, , 26, 500, 500, , , 
2015/4/24, , 41, 500, 500, , , 
2015/4/25, , 38, 500, 461, , , 
2015/4/26, , 18, 500, 494, , , 
2015/4/27, , 17, , 500, , , 
2015/4/28, , 16, 500, 500, , , 
2015/4/29, , 20, 500, 500, , , 
2015/4/30, , 17, 500, 500, , , 
2015/5/1, , 20, , , , , 
2015/5/2, , 28, , , , , 
2015/5/7, , 36, 500, 500, , , 
2015/5/8, , 31, 500, 256, , , 
2015/5/9, , 27, 500, 500, , , 
2015/5/10, , 18, 500, 500, , , 
2015/5/11, , 30, 500, 428, , , 
2015/5/12, , 23, 500, , , , 
2015/5/13, , 24, 500, 500, , , 
2015/5/14, , 29, 500, 500, , , 
2015/5/15, , 35, 500, 500, , , 
2015/5/16, , 18, 500, 500, , , 
2015/5/17, , 13, , 500, , , 
2015/5/18, , 28, 500, 500, , , 
2015/5/19, , 28, 500, 500, , , 
2015/5/20, , 21, 500, 500, , , 
2015/5/21, , 21, 500, 500, , , 
2015/5/22, , 18, 500, 500, , , 
2015/5/23, , 20, 500, 500, , , 
2015/5/24, , 26, 500, 500, , , 
2015/5/27, , 27, 500, 500, , , 
2015/5/28, , 32, 500, 500, , , 
2015/5/29, , 31, 500, 500, , , 
2015/5/30, , 30, 500, 500, , , 
2015/5/31, , 25, 500, 500, , , 
2015/6/1, , 16, 500, 500, , , 
2015/6/2, , 26, 500, 500, , , 
2015/6/3, , 27, 500, 500, , , 
2015/6/4, , 25, 500, 500, , , 
2015/6/5, , 35, 500, 495, , , 
2015/6/6, , 53, 500, 500, , , 
2015/6/7, , 49, 500, 500, , , 
2015/6/8, , 32, 500, 500, , , 
2015/6/9, , 27, 500, 500, , , 
2015/6/10, , 27, , 500, , , 
2015/6/11, , 25, 500, 500, , , 
2015/6/12, , 26, 500, 500, , , 
2015/6/13, , 32, 500, 500, , , 
2015/6/14, , 42, , 500, , , 
2015/6/15, , 23, 500, 500, , , 
2015/6/16, , 23, 500, 500, , , 
2015/6/17, , 22, 500, 500, , , 
2015/6/18, , 26, 500, 500, , , 
2015/6/19, , 21, 500, 500, , , 
2015/6/20, , 21, 500, 500, , , 
2015/6/21, , 18, 500, 500, , , 
2015/6/22, , 13, 500, 500, , , 
2015/6/23, , 14, 500, 500, , , 
2015/6/24, , 19, 500, 500, , , 
2015/6/25, , 18, 500, 500, , , 
2015/6/26, , 19, 500, 500, , , 
2015/6/27, , 26, 500, 500, , , 
2015/6/28, , 36, 500, 500, , , 
2015/6/29, , 38, 500, 500, , , 
2015/6/30, , 28, 500, 500, , , 
2015/7/1, , 25, , 500, , , 
2015/1/2, , 34, 500, 500, , , 
2015/1/3, , 28, 500, 500, , , 
2015/1/4, , 52, 500, 278, , , 
2015/1/5, , 37, 500, 496, , , 
2015/1/6, , 37, 500, 500, , , 
2015/1/7, , 48, 500, 500, , , 
2015/1/8, , 49, 500, 500, , , 
2015/1/9, , 40, 500, 463, , , 
2015/1/10, , 13, 500, 407, , , 
2015/1/11, , 14, 500, 309, , , 
2015/1/12, , 16, 500, 420, , , 
2015/1/13, , 28, 500, 500, , , 
2015/1/14, , 17, 500, 438, , , 
2015/1/15, , 22, 500, 296, , , 
2015/1/16, , 15, 500, 476, , , 
2015/1/17, , 15, 500, 300, , , 
2015/1/18, , 24, , 220, , , 
2015/1/19, , 26, 500, 433, , , 
2015/1/20, , 26, 500, 500, , , 
2015/1/21, , 36, 500, 385, , , 
2015/1/22, , 30, 500, 433, , , 
2015/1/23, , 19, 500, 500, , , 
2015/1/24, , 29, 500, 500, , , 
2015/1/25, , 25, 500, 431, , , 
2015/1/26, , 29, 500, 173, , , 
2015/1/27, , 23, 500, 351, , , 
2015/1/28, , 21, 500, 353, , , 
2015/1/29, , 20, 500, 379, , , 
2015/1/30, , 34, 500, 493, , , 
2015/1/31, , 31, 500, 379, , , 
2015/2/1, , 25, 500, , , , 
2015/2/2, , 15, 500, 434, , , 
2015/2/3, , 16, 500, 398, , , 
2015/2/4, , 22, 500, 429, , , 
2015/2/5, , 26, 500, 494, , , 
2015/2/6, , 33, 500, 500, , , 
2015/2/7, , 42, 500, 500, , , 
2015/2/8, , 34, 500, 500, , , 
2015/2/9, , 35, 500, 500, , , 
2015/2/10, , 29, 500, 500, , , 
2015/2/11, , 32, 500, 500, , , 
2015/2/12, , 22, 500, 500, , , 
2015/2/13, , 28, 500, 500, , , 
2015/2/14, , 48, 500, 500, , , 
2015/2/15, , 39, 500, 500, , , 
2015/2/16, , 36, 500, 385, , , 
2015/2/17, , 48, 500, 410, , , 
2015/2/18, , 38, 500, 500, , , 
2015/2/19, , 30, 500, 500, , , 
2015/2/20, , 34, 500, 500, , , 
2015/2/21, , 34, 500, 500, , , 
2015/2/22, , 36, 500, 500, , , 
2015/2/23, , 37, 500, 486, , , 
2015/2/24, , 35, 500, 396, , , 
2015/2/25, , 38, 500, 494, , , 
2015/2/26, , 44, 500, 500, , , 
2015/2/27, , 43, 500, 500, , , 
2015/2/28, , 38, 500, 500, , , 
2015/3/1, , 34, 500, 405, , , 
2015/3/2, , 28, 500, 426, , , 
2015/3/3, , 32, 500, 500, , , 
2015/3/4, , 34, 500, 500, , , 
2015/3/5, , 25, 500, 500, , , 
2015/3/6, , 35, 500, 418, , , 
2015/3/7, , 44, 500, 439, , , 
2015/3/8, , 29, 500, 360, , , 
2015/3/9, , 16, 500, 395, , , 
2015/3/10, , 16, 500, 500, , , 
2015/3/11, , 22, 500, 500, , , 
2015/3/12, , 31, 500, 500, , , 
2015/3/13, , 28, 500, 500, , , 
2015/3/14, , 29, , 500, , , 
2015/3/15, , 31, 500, 468, , , 
2015/3/16, , 23, 500, 500, , , 
2015/3/17, , 30, 500, 500, , , 
2015/3/18, , 48, 500, 500, , , 
2015/3/19, , 31, 500, 500, , , 
2015/3/20, , 35, 500, 500, , , 
2015/3/21, , 41, 500, 500, , , 
2015/3/22, , 31, 500, 500, , , 
2015/3/23, , 30, 500, 500, , , 
2015/3/24, , 45, 500, 500, , , 
2015/3/25, , 20, , 500, , , 
2015/3/26, , 21, 500, 395, , , 
2015/3/27, , 33, 500, 446, , , 
2015/3/28, , 24, 500, 500, , , 
2015/3/29, , 15, , 500, , , 
2015/3/30, , 25, 500, , , , 
2015/3/31, , 30, 500, 500, , , 
2015/4/1, , 29, 500, 500, , , 
2014/10/2, , 38, 500, 500, , , 
2014/10/3, , 34, 500, 500, , , 
2014/10/4, , 28, 500, 500, , , 
2014/10/5, , 32, 500, 500, , , 
2014/10/6, , 32, 500, 500, , , 
2014/10/7, , 44, 500, 450, , , 
2014/10/8, , 51, 500, 500, , , 
2014/10/9, , 30, 500, 500, , , 
2014/10/10, , 23, 500, 500, , , 
2014/10/11, , 14, 500, 468, , , 
2014/10/12, , 23, 500, 500, , , 
2014/10/13, , 22, 500, 495, , , 
2014/10/14, , 21, 500, 500, , , 
2014/10/15, , 20, 500, 500, , , 
2014/10/16, , 14, 500, 500, , , 
2014/10/17, , 17, 500, 500, , , 
2014/10/18, , 25, 500, 500, , , 
2014/10/19, , 27, 500, 500, , , 
2014/10/20, , 29, 500, 500, , , 
2014/10/21, , 37, 500, 500, , , 
2014/10/22, , 37, 500, 500, , , 
2014/10/23, , 47, 500, 500, , , 
2014/10/24, , 38, 500, 500, , , 
2014/10/25, , 32, 500, 500, , , 
2014/10/26, , 31, 500, 500, , , 
2014/10/27, , 25, 500, 457, , , 
2014/10/28, , 35, 500, 332, , , 
2014/10/29, , 37, 500, 496, , , 
2014/10/30, , 24, 500, 500, , , 
2014/10/31, , 24, 500, 500, , , 
2014/11/1, , 37, 500, 479, , , 
2014/11/2, , 37, 500, 290, , , 
2014/11/3, , 30, 500, 439, , , 
2014/11/4, , 28, 500, 500, , , 
2014/11/5, , 38, 500, 469, , , 
2014/11/6, , 40, 500, 500, , , 
2014/11/7, , 28, 500, 500, , , 
2014/11/8, , 32, 500, 500, , , 
2014/11/9, , 38, 500, 479, , , 
2014/11/10, , 30, 500, 464, , , 
2014/11/11, , 25, 500, 500, , , 
2014/11/12, , 29, , 500, , , 
2014/11/13, , 43, 500, 500, , , 
2014/11/14, , 39, 500, 500, , , 
2014/11/15, , 50, 500, 500, , , 
2014/11/16, , 38, 500, 375, , , 
2014/11/17, , 20, 500, 418, , , 
2014/11/18, , 15, 500, 496, , , 
2014/11/19, , 18, 500, 500, , , 
2014/11/20, , 27, 500, 500, , , 
2014/11/21, , 34, 500, 500, , , 
2014/11/22, , 21, 500, 500, , , 
2014/11/23, , 21, 500, 500, , , 
2014/11/24, , 22, 500, 493, , , 
2014/11/25, , 26, 500, 477, , , 
2014/11/26, , 27, 500, 500, , , 
2014/11/27, , 21, 500, 500, , , 
2014/11/28, , 18, 500, 500, , , 
2014/11/29, , 26, 500, 500, , , 
2014/11/30, , 33, 500, 498, , , 
2014/12/1, , 33, 500, 493, , , 
2014/12/2, , 27, 500, 500, , , 
2014/12/3, , 13, 500, 500, , , 
2014/12/4, , 27, 500, 446, , , 
2014/12/5, , 27, , 256, , , 
2014/12/6, , 13, 500, 173, , , 
2014/12/7, , 9, 500, , , , 
2014/12/8, , 17, 500, 426, , , 
2014/12/9, , 25, 500, 500, , , 
2014/12/10, , 25, 500, 500, , , 
2014/12/11, , 23, 500, 384, , , 
2014/12/12, , 28, 500, 497, , , 
2014/12/13, , 31, 500, 500, , , 
2014/12/14, , 26, 500, 500, , , 
2014/12/15, , 30, 500, 497, , , 
2014/12/16, , 29, 500, 500, , , 
2014/12/17, , 33, 500, 500, , , 
2014/12/18, , 37, 500, 436, , , 
2014/12/19, , 32, 500, 494, , , 
2014/12/20, , 38, , , , , 
2014/9/7, , 17, 500, 500, , , 
2014/9/8, , 14, 500, 500, , , 
2014/9/9, , 20, 500, 500, , , 
2014/9/10, , 45, 500, 500, , , 
2014/9/11, , 40, , 500, , , 
2014/9/12, , 36, 500, 500, , , 
2014/9/13, , 45, 500, 500, , , 
2014/9/14, , 38, 500, 500, , , 
2014/9/15, , 35, 500, 500, , , 
2014/9/16, , 40, 500, 428, , , 
2014/9/17, , 29, 500, 500, , , 
2014/9/18, , 18, 500, 500, , , 
2014/9/19, , 23, 500, 500, , , 
2014/9/20, , 15, 500, 500, , , 
2014/9/21, , 17, 500, 500, , , 
2014/9/22, , 18, 500, 500, , , 
2014/9/23, , 18, , 500, , , 
2014/9/24, , 24, 500, 500, , , 
2014/9/25, , 25, 500, 500, , , 
2014/9/26, , 23, 500, 500, , , 
2014/9/27, , 17, 500, 500, , , 
2014/9/28, , 18, 500, 482, , , 
2014/9/29, , 41, 500, 452, , , 
2014/9/30, , 52, 500, 500, , , 
2014/10/1, , 36, 500, 500, , , 
2018/10/11, , , , , , , 
2015/5/6, , , 500, 483, , , 
2015/5/26, , , 500, 500, , , 
2015/1/1, , , 500, 500, , , 
2014/9/6, , , 500, 500, , , 
2015/5/25, , , , 500, , , 
2019/5/12, , , , , , , 